2015年11月08日,馬習世紀一握 中不撤飛彈 馬不滿意, 分治66年 緊握81秒 世紀之握！馬英九與習近平昨在新加坡香格里拉酒店會面，雙方一見面就握手致意，這是66年來兩岸領導人首次會面。香港《蘋果日報》【綜合報導】兩岸分治66年後，全球矚目的「馬習會」昨在新加坡舉行。兩岸領導人中華民國總統馬英九、中國國家主席習近平會面時的「世紀之握」，長達81秒，為兩岸關係跨出歷史性一步。馬總統提出鞏固「九二共識」、降低敵對狀態等「馬五點」，習也表明堅持「九二共識」。但雙方除確立「九二共識」，習對馬所提台灣民眾疑慮中國飛彈軍事威脅等主張，並未具體回應。國際媒體和學者普遍認為，這次馬習會象徵意義大於實質意義。總統馬英九結束「馬習會」後，今凌晨回程飛機上，被問到中國國家主席習近平指朱日和基地和飛彈不是針對台灣人民，馬總統說，他希望習注意這問題，軍事不只是飛彈，他告訴習台灣民眾對這問題都很關心，希望習能展現一些善意，「他的回答我不是很滿意，不過開了一個頭，將來有機會還會再提。」 馬總統談到此次「馬習會」的成果，就是兩岸領導人見了面，願意討論一些問題，走出第一步。馬說在閉門會談中，談到九二共識，他向習提到《中華民國憲法》2次、一中各表1次、中華民國1次，該講的都講了，但習沒什麼反應。 針對中方最敏感的「中華民國」名稱，馬總統在新加坡會後記者會中表示，他有在會中向習近平提起。他說，他在說明「九二共識，一中各表」時，指出我方的表述，不涉及「兩個中國」、「一中一台」、「台灣獨立」，因為那是《中華民國憲法》所不容許的，「我站穩一個中華民國總統應該有的立場。」 馬習會現場，雙方隔著長桌會談。兩位國家領導人互坐彼此對面，強調尊嚴對等。沈君帆攝兩人握手長達81秒習近平前天下午先到新加坡進行國是訪問，馬總統於昨早搭專機出發，上午10時45分抵達，由「李顯龍總理特別代表」國會議員符致鏡與外交部東北亞司副司長黃美美接機；隨後轉往四季酒店休息，當地台商特別動員，在馬到酒店時高喊：「歡迎馬總統！」新加坡政府對「馬習會」高規格戒備，會場香格里拉酒店隨處可見警察持槍維安，外圍也拉起藍色防狙擊布戒護；媒體進會場前須先經過X光機嚴密安檢，記者擠爆大廳。總計這次歷史會談採訪證共發出628張，其中陸委會發給台灣媒體256張，中國和外國媒體由中國國台辦發出。下午3時，馬習會登場，馬、習各自從島嶼廳一左一右兩個門口現身，同步走向中央微笑握手，低聲問候：「你好！」這「世紀一握」時間長達81秒，握完手，兩人又應媒體要求配合地揮手致意25秒。 習：和平勿得而復失閉門會談前，習近平先致辭，他在4分28秒致辭中大打親情牌，強調兩岸領導人今天坐在一起，是為了讓歷史悲劇不再重演，讓兩岸關係和平發展成果不得而復失，「應以行動向世人表明，兩岸中國人完全有能力智慧解決好自己的問題。」他讚揚馬任內台海局勢安定祥和，兩岸關係發展成果豐碩，希望雙方共同努力堅持九二共識，鞏固共同政治基礎，堅定走和平發展道路，保持兩岸關係發展正確方向。馬總統致辭有7分1秒，他提出鞏固九二共識、降低敵對狀態、擴大交流、增設兩岸熱線及合作振興中華等5點主張，表示「此時此刻，海峽兩岸正大聲向全世界宣示鞏固台海和平的決心，以及促進區域和平的訊息。」他強調這5點主張不是為了一己之私、單方之利，而是為了後代子孫幸福。 雙方強調九二共識雙方隨後閉門會談約1小時。會後中方由中國國台辦主任張志軍主持記者會，他轉述習近平的看法指，「九二共識」重要在於體現「一個中國」原則，「大陸和台灣同屬一個中國，兩岸關係不是國與國的關係，也不是一中一台，雖然兩岸迄今尚未統一，但中國的主權跟領土完整從未分裂，兩岸同屬一個國家。」「無論台灣哪個黨派團體過去主張過什麼，只要承認九二共識的歷史事實，認同其核心意涵，我們都願意同其交往」，「在維護國家主權和領土完整這一原則問題上，我們的意識堅如磐石，態度始終如一。」隨後主持記者會的馬總統強調，他當面告訴「習先生」，兩岸在1992年11月達成共識，內容就是「海峽兩岸均堅持『一個中國』原則」，但對其涵義認知不同，可以口頭聲明方式各自表達，這就是「九二共識，一中各表」，我方的表述，不涉及「兩個中國」、「一中一台」、「台灣獨立」，因為那是《中華民國憲法》所不容許的。他特別提及，「我一個字一個字都講了，一點都沒有忽略到在這些立場上，我站穩一個中華民國總統應該有的立場。」馬總統昨晚在臉書貼文再次強調他對習近平有關「九二共識」的陳述，表示我們會繼續鞏固「九二共識、一中各表」基礎，維繫兩岸和平繁榮現狀。 蔡批框限人民選擇馬習會後，馬總統致贈「台灣藍鵲」手工瓷器給習近平，習致贈一幅中國著名畫家劉大維的畫作，與會人士並共進晚餐80分鐘，晚間7時20分結束。對於馬習會，民進黨總統參選人蔡英文昨痛批，相信大多數台灣人民都會感到非常失望，「馬總統帶著黑箱的疑慮出發，即將帶回來更大的爭議！」蔡也痛批，「馬習會」後唯一達成的效果是在國際舞台上，企圖用政治框架，框限未來兩岸關係上人民的選擇。新加坡外交部表示，樂見促成雙方歷史性會談，「奠基於1993年的汪辜會談，這次成功的會面已建立兩岸最高領導人直接交往的先例。」 馬習會會談內容議題 雙方說法●雙方共識．九二共識：馬、習多次提及九二共識。馬總統在會後記者會表示，馬習會主要成果是把九二共識進行詳細、最貼近事實的鋪陳。．兩岸熱線：馬總統提議由我方陸委會主委、中國國台辦主任層級設置兩岸熱線，處理急要問題，習近平表示可以立刻處理。●老調重彈．國際組織：我方希望能加入區域經濟整合組織，包括TPP（跨太平洋夥伴協定）、RCEP（區域全面經濟夥伴協定）。習近平表示願意討論，也歡迎台灣以適當方式參加亞投行。●碰軟釘子．軍事威脅：馬總統提及，台灣民眾關心中國對台軍事部署，尤其是軍事基地及飛彈問題。習近平說，這些部署「基本上並不是針對台灣」。資料來源：《蘋果》採訪整理 蔡麗秋 39歲 救生員【民眾看法】有助兩岸馬習會對兩岸關係多少會有幫助，畢竟兩岸領導人從沒這樣對談過，有談總是比沒有談好。 陳小姐 24歲 碩士生好的開端對經濟應有幫助，中日韓始終保持經濟合作，台灣卻被排除在外，馬習會是好的開端。 鄭進修 35歲 貿易公司主管黑箱做法馬英九支持度低，不能代表多數人民，加上採突襲黑箱做法，對兩岸沒幫助。 蔡雅靜 30歲 上班族矮化台灣馬習會完全無助兩岸關係，且明顯矮化台灣人民，不尊重民意，非常後悔把票投給馬英九。 馬習會公開致辭重點●馬英九☆維繫兩岸和平繁榮現狀5點主張1.鞏固「九二共識」，維持和平現狀2.降低敵對狀態，和平處理爭端3.擴大兩岸交流，增進互利雙贏4.設置兩岸熱線，處理急要問題5.兩岸共同合作，致力振興中華●習近平．兩岸同胞是打斷骨頭連著筋的同胞，是血濃於水的一家人．坐在一起是為了讓歷史悲劇不再重演、讓兩岸同胞開創和平安寧的生活．以行動向世人表明，兩岸中國人完全有能力、智慧解決好自己的問題．希望兩岸堅持九二共識，鞏固共同政治基礎，堅定走兩岸和平發展道路，保持兩岸關係發展正確方向資料來源：《蘋果》採訪整理 數字看馬習會會面時間：2015/11/07●下午 02:59．握手時間：81秒．揮手時間：25秒●會談前開場致辭時間：．馬英九 7分1秒．習近平 4分28秒●會談前開場致辭字數：．馬英九 1282字．習近平 665字●馬習開場致辭提及「九二共識」次數：．馬英九 4次、習近平 1次．馬英九稱「習近平先生」 1次、「習先生」 3次．習近平稱「馬英九先生」 1次、「馬先生」 1次●閉門會議時間：約 60分鐘●晚宴時間：約 80分鐘資料來源：《蘋果》採訪整理  ,http://www.appledaily.com.tw/appledaily/article/headline/20151108/36888011/%E9%A6%AC%E7%BF%92%E4%B8%96%E7%B4%80%E4%B8%80%E6%8F%A1%E4%B8%AD%E4%B8%8D%E6%92%A4%E9%A3%9B%E5%BD%88%E9%A6%AC%E4%B8%8D%E6%BB%BF%E6%84%8F
2015年11月08日,昨日《蘋果》被發現的錯與批評, 錯馬習會專版：《《經濟學人》：台軟實力能改變中國》一文，標題中「《經濟學人》」更正為「《外交政策》」。電話：0809-012-555 傳真：0809-013-666 信箱：news@appledaily.com.tw 地址：114 台北市內湖區行愛路141巷38號  ,http://www.appledaily.com.tw/appledaily/article/headline/20151108/36887716/%E6%98%A8%E6%97%A5%E3%80%8A%E8%98%8B%E6%9E%9C%E3%80%8B%E8%A2%AB%E7%99%BC%E7%8F%BE%E7%9A%84%E9%8C%AF%E8%88%87%E6%89%B9%E8%A9%95
2015年11月08日,廢紙再利用 網購明細洩他人個資, momo購物網的裝箱明細，背面卻印有其他消費者的個資。投訴人提供【投訴組  彰化報導】民眾在momo購物網訂購商品，但到貨後卻發現，訂購明細背面印有其他消費者的姓名、電話等個人資料，消費者批評，業者拿廢紙再利用卻把關不當，「實在誇張」。momo購物網回應，已要求配送廠商改善，會再派人取回印有個資的明細。彰化鄭小姐表示，上月瀏覽momo購物網選購一組保溫餐盒，上月29日收到商品，業者隨貨附上一張A4大小的裝箱明細，正面註明本次消費資料，但背面卻印有其他消費者的資料，包括姓名、手機電話等個資。她說，就算要回收廢紙再利用，也應妥善把關消費者個人資料，「真是誇張。」廠商將派人取回對此，momo購物網行銷公關部表示，是配送廠商人員疏失，誤拿含有個資的廢紙列印裝箱明細，已要求廠商改善。行銷公關部說，外流的個資非momo會員，是屬配送廠商其他合作公司，會再派人取回該份明細。 彰化縣政府消保官兼消費者服務中心主任簡金晃指出，紙張上既然印有消費者姓名、手機電話等個資，業者應妥善保管，不該當作一般廢紙任意使用，業者須檢討改善。  ,http://www.appledaily.com.tw/appledaily/article/headline/20151108/36888233/%E5%BB%A2%E7%B4%99%E5%86%8D%E5%88%A9%E7%94%A8%E7%B6%B2%E8%B3%BC%E6%98%8E%E7%B4%B0%E6%B4%A9%E4%BB%96%E4%BA%BA%E5%80%8B%E8%B3%87
2015年11月08日,取締重機騎汽車道 警烏龍開單「擾民」, 李先生在禁行機車道騎乘黃牌重機，卻遭警員烏龍拍照取締（紅框處）。【孫崇軒  台北報導】2012年7月起已開放250c.c.以上的大型重機行駛快速道路，在一般道路上比照自小客車路權，但有大型重機車主騎乘在禁行機車道上，遭大安分局交通分隊拍照取締，直呼莫名其妙。對此，台北市政府警察局大安分局秘書室坦承作業疏失，對此感到抱歉。民間司法改革基金會批評，警員開單過於草率，應檢討改進。台北李先生表示，上月底他收到一張罰單，指他在上月14日上午騎乘機車行經和平東路一段「不在規定車道行駛」，裁罰台幣600元，他檢視違規照片，發現自己騎乘400c.c.的黃牌重機在禁行機車道，遭警員拍照取締，但目前已開放250c.c.以上的黃、紅牌大型重機，路權等同自小客車，警員卻對此取締，令他啼笑皆非，「難道連警察都不知道規定嗎？」李先生說，他致電向大安分局反映，警方要他自行向監理單位申訴，「擾民真的是很無言。」車主仍須提申訴對此，台北市政府警察局大安分局秘書室表示，經查應是取締警員未察是黃牌重機，後續開單作業也未發現錯誤所致，但依程序車主須向監理單位提出申訴處理，後續會再加強警員教育訓練改善。 民間司法改革基金會說，即使現場執勤警員在第一時間誤認車輛違規，後續填單作業時，也應確認違規事實，草率開出罰單已造成當事人困擾，警政單位應檢討改進。  ,http://www.appledaily.com.tw/appledaily/article/headline/20151108/36888230/%E5%8F%96%E7%B7%A0%E9%87%8D%E6%A9%9F%E9%A8%8E%E6%B1%BD%E8%BB%8A%E9%81%93%E8%AD%A6%E7%83%8F%E9%BE%8D%E9%96%8B%E5%96%AE%E3%80%8C%E6%93%BE%E6%B0%91%E3%80%8D
2015年11月08日,月休1天 國片劇組控血汗, 國片劇組人員投訴，上月僅排休1天（紅框處）。投訴人提供九把刀知名小說《樓下的房客》由安邁進電影公司翻拍電影，但有劇組人員投訴，上月10日起開拍至今，每天拍攝時間平均長達14小時，最高紀錄甚至曾連續工作超過20小時才收工，卻未發加班費，怨「根本就吃不消！」安邁進電影公司表示，會再增聘人員舒緩劇組工時壓力。新北市政府勞工局指出，可依《勞基法》按月裁罰業者最高30萬元至改善為止。報導•攝影╱投訴組一名劇組人員說，幾月前任職《樓下的房客》劇組工作，月薪28K，上月10日起開拍，公司列出至本月底的拍攝進度表，全劇組僅有10月15日排休1天，每天表定工時約12小時，幾乎都超過預定拍攝時間，至上月底止每天平均工作14小時以上，卻未發加班費。 圖為導演崔震東（左二）率演員宣傳電影。資料照片將增聘劇組人員「真的是操死人！」投訴者說，上月22日在林口阿榮片廠拍攝一兇殺場景，從上午8時開工，原定當晚8時收工，但疑因趕拍進度，硬是拍到23日的清晨6時才收工，整整工作22小時，由於導演崔震東同時是安邁進電影公司負責人，「不敢向導演反映，大家只好繼續硬撐，實在是很誇張。」對此，片商安邁進電影公司表示，由《樓下的房客》製片徐錫彪發言。徐錫彪則表示，劇組開拍初期工作默契及分工仍在磨合，加上為配合演員的通告行程，導致拍攝時間較長，上月22日的拍攝時間確實較久，因此在23日當天也立刻彈性調整劇組人員休假1天，後續因應拍攝工作量龐大，會再增聘劇組人員，減輕全體人員工時及工作量的負擔。 每7天應休1天新北市政府勞工局勞資關係科長賴彥亨表示，1992年7月起，電影業已納入《勞基法》，幕後從業人員也享有法定每天工時8小時、必要時不得超過12小時、超時加班費及每7天可休1天等的《勞基法》規範，僱主若違規要求員工超時工作，依《勞基法》可處2萬元以上、30萬元以下罰鍰，並按月裁罰至改善為止。 超時工作申訴管道．各縣市勞工局．台灣勞工陣線諮詢專線02-23217648．勞動部申訴通報專線0800-085151．《蘋果》爆料投訴專線0809-012555資料來源：上述單位 你爆蘋果報不公不義不要忍 大聲給它爆出來來電、傳真或來函投訴，請附上姓名、地址、電話。有關資料僅供聯絡，絕對保密。一經投訴，本報保留刊登權利。  ,http://www.appledaily.com.tw/appledaily/article/headline/20151108/36888222/%E6%9C%88%E4%BC%911%E5%A4%A9%E5%9C%8B%E7%89%87%E5%8A%87%E7%B5%84%E6%8E%A7%E8%A1%80%E6%B1%97
2015年11月08日,生活大不易 我們謝謝您, 1.面對困頓的大環境，蘋果基金會感謝有您支持，不間斷的送愛，在此時更顯可貴。蘋果基金會收到每筆捐助均製發收據，每次捐款開立收據者，在您捐款入帳後15日內寄發；採「年度合開一張」者，基金會統一於每年2∼3月間寄發，以利報稅扣繳列舉憑證，欲採國稅局網路查詢者，煩請提供本會收據開立者之身分證字號，以利明年起報稅使用。2.您指定透過基金會轉贈的善款，基金會均全數轉交指定對象；如蒙您「不指定」捐款，即共同匯入「急難救助金」，支持本會服務個案第一時間紓困及弱勢社福團體服務計劃。所有相關捐助手續費皆由《蘋果日報》支付。3.基金會每年由會計師進行查帳，並將財報暨會務報告公告於《蘋果日報》，您亦可上蘋果基金會網址：http://www.appledaily.com.tw/charity一覽，基金會免付費電話是0809008585。 ,http://www.appledaily.com.tw/appledaily/article/headline/20151108/36887311/%E7%94%9F%E6%B4%BB%E5%A4%A7%E4%B8%8D%E6%98%93%E6%88%91%E5%80%91%E8%AC%9D%E8%AC%9D%E6%82%A8
2015年11月08日,暖愛伸援 戰勝癌魔, 黃裕盛當年罹癌，太太剛產子，今他恢復健康，與妻兒一家和樂。蘋果基金會感謝您的支持與暖愛，及時伸援讓正逢癌病危急家庭，不因貧窘耽誤醫病良機，撐扶家計不致頹倒，合力戰勝病魔，如今生活安康，孩子茁壯，全家一個都沒有少。《暖流》版將不定期與您分享我們的感謝、他們的感動。報導•攝影╱向高彬【病廚恢復味覺夜市擺攤打拼】「我愛爸拔，我愛媽麻！」4歲的宥桐偎在爸爸黃裕盛和媽媽王嘉玲身邊，靈活神情像他37歲媽媽，38歲黃裕盛笑說，「像媽媽好，才可愛啊。」幸福和樂氣氛洋溢滿屋。 記者回憶起4年前踏入此屋時，當時卻是愁霧籠罩。 那時黃裕盛剛動完舌癌切除手術，話都講不清，兩夫妻原經營小餐館，卻因黃裕盛罹癌無奈收店，兩人揹上百萬債務，王嘉玲又剛臨盆，夫妻難有喜悅迎接新生命。 黃裕盛說，幸好當時公所轉介蘋果基金會，基金會訪視後先撥2萬5000元急難金，後來還轉贈讀者善款讓太太能專心帶孩子及照顧他。 「若不是大家幫我們度過最低潮，我不敢想像這個家會變怎樣。」黃裕盛說，3年前體力漸好，他先至五金行打零工，後來發覺舌頭味覺恢復，重回餐飲本行。捐款回饋社會王嘉玲說，孩子這兩年上幼兒班，她返回職場當上班族，又兼差做睫毛美容，「我們很省很拼，債務還掉大半，慢慢有苦盡甘來，重新呼吸新鮮空氣的感覺，並曾以菩薩名義小額捐助蘋果基金會。」黃裕盛跨越生命谷底，「病後我體悟知足才快樂；以前我對自己手藝驕傲，現在懂謙虛、不要有得失心。」他分享抗癌心得：保持平靜與看佛經，「讓我轉念，遇到困境要撐住，妻兒更是我挺過來最重要的力量。」黃裕盛近期在桃園興仁夜市擺攤賣炸物，「我喜歡研發新菜色，像是牛五花包蜜蘋果、豬肉捲包小番茄，歡迎大家來嘗我的手藝。」基金會編號A2443《廚師罹舌癌 「如被廢武功」》，2011年獲轉贈善款共31萬595元。黃國雄曾罹癌治療，現在抗癌順利，子女也都長大、生活安穩。【單親癌父撐家「謝謝好心人」】歷經5年歲月，改變了什麼？對48歲單親爸黃國雄來說，5年前他罹肝癌，動6次大小手術，曾以為熬不過，「手術前我交代女兒，若順利，我醒後，先跟我比YA，幸好我每回都看到她比YA。」黃國雄撫養現讀大一及專二雙胞胎的3子女，並照顧重度精障7旬母，5年前他因B肝惡化罹癌，無力工作養家，醫病家計陷困，當時經公所轉介蘋果基金會，基金會先撥急難金協助房租急窘，並轉贈讀者指定善款，黃國雄得以接受自費標靶藥物治療，控制住病況。5年後，記者再到黃家租屋處，同樣桌椅擺設，黃國雄多了白髮皺紋，卻有了健康身體。但記者一時認不出當年11歲男童，如今已長成178公分大男孩，黃國雄微笑說，「以前都還是小孩，這5年長大了，能打工照顧自己，我肩膀覺得輕鬆一點了。」兒做工嘗辛苦黃國雄說，受助後1年多病況稍好，便重返原電信器材工作撐家，「若有朋友生病，我都以自己為例，我都可活過來，你們也可以。」19歲大女兒小綺說，爸爸一人扛家很辛苦，「謝謝很多好心人幫我們。」16歲大兒子小凱、小兒子小皓都說，曾與爸爸做工，體會賺錢辛苦，「爸教我們書讀得好壞沒關係，但絕不能混幫派、碰賭博毒品。」黃國雄鼓勵癌友：配合醫師治療，作息正常，保持正向樂觀心情，「把最壞的、最苦的當考驗，熬過去，再來有好的，總會輪到你。」基金會編號A2321《癌男養5口 「付房租都難」》，2010年獲轉贈善款共59萬983元。 ,http://www.appledaily.com.tw/appledaily/article/headline/20151108/36887302/%E6%9A%96%E6%84%9B%E4%BC%B8%E6%8F%B4%E6%88%B0%E5%8B%9D%E7%99%8C%E9%AD%94
2015年11月08日,《蘋果論壇》徵稿, 《蘋果》論壇歡迎投稿，一經錄用將附上稿酬。若一稿多投，本社將不支付稿酬。本報有刪修權，網站刊登不另計酬；三日未見報請自行處理，不另通知。請寄public@appledaily.com.tw，來稿請附真實姓名、身分證字號、職業、電話、銀行帳戶和通訊地址。 更多的專欄文章，請見蘋果網站《蘋論陣線》： http://www.appledaily.com.tw/realtimenews/forum  ,http://www.appledaily.com.tw/appledaily/article/headline/20151108/36887520/%E3%80%8A%E8%98%8B%E6%9E%9C%E8%AB%96%E5%A3%87%E3%80%8B%E5%BE%B5%E7%A8%BF
2015年11月08日,每日一短蘋, 「馬總統只是強化92共識，沒有太大矮化的情勢，能見面算重大突破。」馬習會各界評價不一，網友ANNEE CHU在《蘋果》網站上評論。 食安問題追追追「那不然是要打太平洋海怪嗎？」習回應軍事部署，馬轉述「非針對台灣」，網友whour在批踢踢Gossiping板揶揄。  ,http://www.appledaily.com.tw/appledaily/article/headline/20151108/36887517/%E6%AF%8F%E6%97%A5%E4%B8%80%E7%9F%AD%E8%98%8B
2015年11月08日,兩岸創造新的歷史性時刻（嚴震生）, 2015年11月7日15時整，馬英九總統與習近平國家主席終於正式握手見面。誠如海內外各大媒體昨天的頭條所言，這確實是歷史性（historic）的一刻。在這樣的一個時刻，國內許多政治人物及評論家仍擔心台灣是否會被矮化，或是失去對等與尊嚴，而忽略其象徵性的意義所帶來的可能性。兩岸自1949年分治以來，北京曾誓言要血洗台灣，台北也立志要光復大陸，雙方經歷了近十年的軍事對抗，在1958年八二三砲戰後才告一段落，但緊張對峙的局面並未緩和，1981年中共十一國慶前夕，人大委員長葉劍英發表「對台灣同胞講話」，作出兩岸和平談判的建議。台灣方面，在1980年代末期解除戒嚴，開放國人前往大陸探親，雙方的民間組織紅十字會代表於1990年達成《金門協議》。隨後我國通過了《國統綱領》，成立了陸委會及海基會，後者並展開與對岸海協會的會談，最終在1993年於新加坡舉行辜汪會談，簽署了4項協議，創造了歷史性的一刻。又翻新頁誠屬不易隨後兩岸關係一度緊張，並在陳水扁總統任內跌到谷底，但是國民黨主席連戰在2005年的破冰之旅，以及和胡錦濤總書記達成的5點共識，又為兩岸關係開拓了新的平台，而國民黨與共產黨兩個長期敵對政黨的領導人能夠見面握手，化解過去的矛盾與恩怨，在當時也被視為是歷史性的一次會晤。去年2月，陸委會主委王郁琦和國台辦主任張志軍在南京舉行會談，英國廣播公司也用「歷史性」來形容他們的談話，因為這是第一次兩岸政府官員之間的正式會談。 這次馬習會的舉行，兩人歷史性的一握，可說是兩岸關係又翻了新頁。我們不要忘記李登輝及陳水扁兩位總統都曾公開表示要與對岸領導人見面，這個議題在經過20年後終於實現，誠屬不易。從民間組織的簽署協議到半官方組織的兩會談判，從政黨領導人的見面及達成共識到雙方政府官員的正式會談，以至於這次兩地領導人的會面，雙方不斷在創造新的歷史性時刻。 未來仍有機會突破如果蔡英文主席在明年當選總統，也能夠以領導人的身分和習近平見面，儘管也會是很重大的突破，但可能無法算是歷史性的一刻。不過，如果北京方面能在民進黨政府不放棄台獨黨綱、及未主張九二共識的情況下，仍願意與蔡英文會面，就意味著大陸對台灣統獨立場的鬆動，而造就另一個歷史性的會面。不過，這樣的可能性將難以期待，但只要兩岸關係不再倒退，未來仍有機會有新的突破及歷史性的時刻。 政治大學國際關係研究中心美歐所研究員  ,http://www.appledaily.com.tw/appledaily/article/headline/20151108/36887513/%E5%85%A9%E5%B2%B8%E5%89%B5%E9%80%A0%E6%96%B0%E7%9A%84%E6%AD%B7%E5%8F%B2%E6%80%A7%E6%99%82%E5%88%BB%EF%BC%88%E5%9A%B4%E9%9C%87%E7%94%9F%EF%BC%89
2015年11月08日,台灣掉進一中不表陷阱（杭之）, 以迅雷不及掩耳之勢曝光並吸引全球新聞矚目的兩岸領導人會晤，終於在新加坡登場。綜觀這場所謂「歷史性」的會面，老實說，熱切而難掩興奮之情的馬英九，似乎除了81秒鐘握手的鎂光燈及全球媒體的報導外，什麼也沒得到。而習近平主動拋出的這場大秀，則只給出一般性的、外交詞令似的承諾，而這是過去北京一再說過的，但他收穫的卻是，全球都在看的、對台灣下任總統的喊話，以及將兩岸關係政治性接觸的進程推上談判桌。在閉門會前開放媒體採訪的時段中，習近平簡短的致辭（按媒體的報導，約600來字），老練但不顯嚴厲地表達了其一貫的堅定立場。也就是說：這七年來之所以「台海局勢安定祥和，兩岸關係發展成果豐碩」，就是因為雙方共同努力，堅持「九二共識」、鞏固共同政治基礎的結果。而目前兩岸關係發展面臨「方向和道路的抉擇」，「我們今天坐在一起，是為了讓歷史悲劇不再重演，讓兩岸關係和平發展成果不得而復失」。這很明顯是對將在70天後產生的新總統堅定而強硬的畫線。「一個中國」認知不同馬英九的致辭則顯得鬆散雜沓（按媒體的報導，約1200來字，習的兩倍），像是海基海協兩會代表的事務性商談。對他所提五點主張，習近平也只是高來高去的回應。從會後兩方的記者會看，完全看不到中外媒體事先所猜測的，習會不會送大禮，包括撤飛彈等等。 但是，值得注意的是，在會後的記者會中，馬很得意的透露，說他會中拿出92年的資料，當著習近平的面念，說九二共識是，兩岸雖均堅持一個中國原則，但對一個中國的涵意，認知各有不同。換句話說，馬在習的面前再一次「堅持一個中國原則」。但是，人家並沒有認同你的「認知各有不同」。而且北京當年是用「在事務性商談中不涉及一個中國的政治含意」繞開了這個爭議。但是，現在可是兩岸最高領導人的會面，一個中國的政治含意還能「不涉及」嗎？關鍵就在這裡，只要兩邊都堅持一個中國就好了，至於你的認知如何，那是你的事，我的認知全世界都知道，甚至很多也都認同。這叫「一中不表」。在當前的現實政治裡，馬的自以為是其實是再一次替「一中不表」認證，因為你的「認知各有不同」只在台灣部分場合「有效」。 不可忽視歷史效應在認知科學中，一種叫「沃爾夫假定」( Whorf hypothesis ) 的說法推進了「不同的語言導致不同的世界觀」的理論，也就是說，你一直用一種被設定內涵的語言，到最後，你不知不覺就那樣相信那個內涵了。這有點像中國古時候講「曾參殺人」的故事一樣。「一中不表」就有這樣的效用。馬這次再一次陷進這個陷阱而不自知。儘管這次會面毫無新意，馬一無所得，表面上好像也沒像一些反對者罵的，賣了什麼，只是像配合習近平開了一次對台政策宣示會。但是，其歷史效應還是不可忽視。不可否認，兩岸領導人會面已是一個歷史事實，它將不可避免的規範著未來兩岸關係發展的軌道，也即兩岸關係之政治性處理已無可迴避。這是習這次主動促成馬習會面的基本用心。1993年辜汪新加坡一會，規範了其後迄今兩岸發展的軌道；2015馬習新加坡再會，未來的發展軌道將往何方發展？習在致辭最後提出來的願望是「共謀中華民族偉大復興，讓兩岸同胞共享民族復興的偉大榮耀」，這難道還不清楚嗎？只是，台灣人民，台灣即將受全民付託的新總統，準備好了在這個「既與的歷史事實」上，接這個招，乃至創造自己的歷史了嗎？ 政論家、國安會前副秘書長  ,http://www.appledaily.com.tw/appledaily/article/headline/20151108/36887509/%E5%8F%B0%E7%81%A3%E6%8E%89%E9%80%B2%E4%B8%80%E4%B8%AD%E4%B8%8D%E8%A1%A8%E9%99%B7%E9%98%B1%EF%BC%88%E6%9D%AD%E4%B9%8B%EF%BC%89
2015年11月08日,藍營選情多了一層慘澹（陳孝平）, 馬習會號稱「世紀之會」，承載國人太多的期待，希望會談之後真的能藉此展開兩岸關係的新頁，但大家恐怕要失望了。像這樣的高峰會議，雖不必期待具體的、事務性的結果，但至少應該賦予國人一個希望、一個想像、一個憧憬。但我們看到的是，我方馬總統扮演「訴求」的角色，絮絮叨叨，彷彿有無限的委曲，而對方的習近平則是穩坐泰山、重申老調，實問虛答，了無新意。這無法提升習主席的威望，只會重創馬總統的聲望。就「九二共識」而言，其本身從來就不是雙方爭議的焦點，但對於爭議核心「如何表述」，仍然毫無進展與創意。大陸堅持了「立場」，台灣人民卻又如同撞了一次牆；就和平議題、撤除飛彈而言，對方也僅是以「非針對台灣人民」一語帶過，絲毫不見誠意與善意；對於台灣渴求的國際空間，對方也持續要求以「適當身分」參加。事實上，我方如果願意接受對方認定的「適當身分」，這也早就不是問題。至於向對方表示應開放陸生「技轉本」來台修業，好像也把總統的地位做低了。台獨成了天然基因馬習會為何會突然成會，各方解讀不一。但基本上應是雙方都有要「維持現狀」的必要：我方固然必須在政局即將劇變的預期下穩定兩岸，對方也同樣必須確認仍然可以掌握兩岸的變數。但雙方領導人在昨天的會面當中，其實都沒有體會必須要駕馭潮流，才能鞏固現狀的道理。 台灣面對的「潮流」，一方面是新一代的年輕人已經「不識唐山為何物」，台獨成為其「天然的基因」；但另一方面殘酷的經濟數據卻又驅使台灣人身不由己的「西進」。這樣的矛盾，產生「對獨立渴望提升、但了解其不可能的挫折也提升」。 這樣的心理撕裂是台灣政治虛無化的源頭，也是台灣始終無法邁開腳步向前行的癥結，因為一隻腳絆住著另一隻腳。 對統一只會更排斥而昨天的世紀會面，對解開這樣的糾結毫無助益：西進的仍然是不甘不願的去、留下來的，更加滋生「吾與汝何干」的冷漠。台灣內部這樣潮流的衝撞，使得穩定的兩岸關係越來越難維持。大陸作為力量比較強大的一方，為了要達成其穩住台灣的目標，事實上也應該適度協助台灣舒緩這個糾結。但是我們看到的是，大陸領導人還是持續使用「中華民族的榮光」、「兩岸一家親」的老調，對於台灣切身之痛的國際地位消融殆盡、區域經濟整合的排除、經濟活力的消失、軍事威脅的不滿，均以空話敷衍。可以預見，經過這次高峰會，台灣人民只會更加對大陸失望、只會對統一更加排斥、只會對「兩岸一家親」更加的嗤之以鼻。請問大陸領導人：這是馬習會的目的嗎？至於這對2016年大選藍軍的選情，就更多了一層必須善後的慘澹。 二二八受難者陳秀鑾教育基金會董事長  ,http://www.appledaily.com.tw/appledaily/article/headline/20151108/36887505/%E8%97%8D%E7%87%9F%E9%81%B8%E6%83%85%E5%A4%9A%E4%BA%86%E4%B8%80%E5%B1%A4%E6%85%98%E6%BE%B9%EF%BC%88%E9%99%B3%E5%AD%9D%E5%B9%B3%EF%BC%89
2015年11月08日,沒有歷史意義的馬習會（陳明祺）, 盤點馬習新加坡會面的結論：兩岸同發中華民族偉大復興的大夢，兩岸共同反對兩個中國、一中一台與台獨，在習近平先生兩岸同屬一個國家的氣勢下馬英九先生透過回顧「九二共識」形成過程，底氣不足地重述了兩岸對於一中含意有所差異。歷史性的會面原本堆疊了許多歷史性的期待與歷史性的恐懼，隨著會面結束，這些期待或恐懼皆都沒有成為事實。不管是撤除瞄準台灣的飛彈或加入國際組織，不管是出賣主權或放棄一中各表，這些統統都沒實現。這個被各界譽為歷史性事件的馬習會在用盡了各式修辭的努力，終究證明了地緣政治的歷史性結構的強大力量。習近平用中華民族的框架開場，把中國對台的敵對狀態放在國共內戰的脈絡之下，用兩岸一家親，兄弟間血濃於水的血親比喻，包不住的卻是沒改變過的強硬姿態與強勢作為。張志軍在會後記者會轉述，沒有「九二共識」的定海神針，「和平發展之舟就會遭遇驚濤駭浪甚至徹底傾覆。」溫情攻勢的的部分聽在多數已經發展出自我認同台灣人耳中非常老調而陌生，但是警告的部分則熟悉而清晰。中方防獨多於促統再者，習近平也說出了中方是在「讓兩岸關係和平發展成果不會得而復失」的考慮下推動馬習會。這是中國對台灣明年總統大選綠營執政的損害控管，利用馬剩下的任期，共同表達反對兩個中國、一中一台和台獨。也向國際社會表明兩岸事務無關國際，是「自己」的問題。 可以說中國要透過馬習會送出的主要訊息不是橄欖枝，而是槍砲的恫嚇。而其目的是「防獨」多於促統，恫嚇的對象正就是台灣的民主制度與台灣人民。這已經是中國面對台灣選舉的一貫威脅，而它的邊際效用已經隨年遞減。甚至對於選情會有什麼影響，也十分令人懷疑。 馬習會上另一個台灣人深感陌生但又刺耳的字眼是「中華民族」，更怪異的是這話是先從馬總統的口中說出：「兩岸人民同屬中華民族、都是炎黃子孫，應互相合作，致力振興中國」、兩岸人民一起「為中華民族開創更和平燦爛的未來。」馬總統附和習近平「中華民族偉大復興」的夢想，討好之情非常急切。然後會後的國台辦主任張志軍記者會上轉述習近平期勉兩岸同胞「堅持九二共識……共謀中國民族的偉大復興」，這是習近平上台以來執政合法性的基礎，但是多數台灣人民不再認同自己是中國人，從台灣總統口中說出這樣的詞彙，台灣人民應該都頗有違和之感，也證實了馬總統與台灣民意的隔閡。 最後，關於一中各表。馬總統在開場時唱和了中國為馬習會設定的「一個中國原則」的前提，在台灣用來安撫人心的「各表」的部分完全不見蹤跡，正當大家擔憂「各表」已遭放棄之際，在會後記者會上，馬總統才說他有當著習近平的面提到1992年時雙方對於一個中國原則，雙方賦予含意各自不同。在記者會上，馬總統和張志軍都沒提到習近平認可了對九二共識的這種解讀。 回台還得面對民意在進行了一場沒有歷史意義的歷史性會面，馬總統終究還是要回到台灣面對民意的考驗。中華民族的偉大復興在中國還是一場夢，在台灣民主制度的偉大則已經是每天的實踐了。已經選擇不再做中華民族一份子的台灣人，應該還是會踏過這沒有驚奇的馬習會，毫無懸念地走自己的道路吧！ 清華大學社會學所副教授、當代中國研究學程召集人  ,http://www.appledaily.com.tw/appledaily/article/headline/20151108/36887501/%E6%B2%92%E6%9C%89%E6%AD%B7%E5%8F%B2%E6%84%8F%E7%BE%A9%E7%9A%84%E9%A6%AC%E7%BF%92%E6%9C%83%EF%BC%88%E9%99%B3%E6%98%8E%E7%A5%BA%EF%BC%89
2015年11月08日,焦點評論：努力抵抗微笑威脅（顏厥安）, 馬習會在一片驚愕中出場，也一如預期，在大幅傾向「中國觀點」下落幕。首先要反省一些「視角」問題。看馬習會或所謂「兩岸」關係，應該要謹慎地避免太多「中國╱中華質」（Chineseness），這不是刻意要反中或排華，而是百年多的戰亂與專制，已經讓「中國質」承載了太多僵固封閉的國族邏輯（今年的閱兵╱抗戰史爭議可為一例），既失去了原本可以開啟的豐富性，也無力面對新世紀早已活力登場的多元異質。南海問題難道就只是九段線與軍艦通行嗎？海洋人民的艱辛與多元交融，該怎麼面對呢？同樣的，馬習會本就不能僅以國共或兩岸領導人這種歷史軸線來觀察而故做驚嘆，因為台灣人民早已走出中國國族殘繭，以「賤民的歡愉」勇敢開創新的尊嚴與民主認同。馬先生如果還作繭竊喜，看不到台灣人民帶出的真正價值，那這種被恩賜的歷史「訂位」，恐怕很快就會被取消保留。 馬先生像個央求者由此看馬先生的「兩岸合作、振興中華」或習的「中華民族的偉大復興」，正好顯現了專制╱民主分歧下的文化亂搭。以台灣來看，甚至從中國搬來的《憲法》，都清楚地規定中華民國各民族一律平等；增修條文規定了多元文化。在今日的中國，「中華文化╱民族」，已成為壓制、「同化」少數民族的同義語。如果真的要認真看待「中華」，透過羅爾斯《政治自由主義》中提出的「交疊共識」觀念，可能有更大的潛力。然而也許這正是眉角所在。「民主」的公民文化（當然包括對人權的尊重），是這一切政治共同體得以形成並穩定持續的必要背景基礎，沒有這一層基礎，任何的「數字共識」，都只是強者強迫弱者低頭順從的詔書。馬習兩位「先生」深諳此中關鍵，因此選定以「鞏固和平」的話術為主軸，以政治存在主義的邏輯，「暗示」著戰爭隨時發生的「可能性」，不斷地以「血濃於水」的微笑威脅，指示著大家要做出「正確的選擇」。中國方面的微笑威脅也就罷了，馬英九的會前聲明與會後記者會說法，實在也太「先生」了。姑且不論在民主國家，「總統」頭銜不是個人資產，而是《憲法》義務，不能隨意放棄。身為總統，怎會在國內口稱《憲法》，台灣優先，面對中國就突然縮水為九二共識呢？誰又說一部民主《憲法》，不允許╱實踐台灣獨立呢？英國不是允許蘇格蘭公投，加拿大不是同意魁北克自決，台灣不已經是一個主權獨立的國家，只不過目前《憲法》名稱為中華民國嗎？馬先生的最大問題，是表現的太像一位叨叨不休的「央求者」，不斷向習近平求東求西，但是在根本的原則問題上，除了鬼打牆的跳針說法外，實質上對中國所設下的國際政治框架全面投降。關門口頭的中華民國與各表，不具備客觀公共性，除了騙騙選民，反而讓台灣前途蒙上了中國專制壓迫之黯淡陰影。 民進黨只會發牢騷這個框架投降，也成為蔡英文主席與民進黨的重大挑戰。為了穩住所謂中間選票，民進黨在過去幾天充分暴露了像旋轉木馬般的立場游移。公民團體建議的多種憲政制衡手段，民進黨瞻前顧後，一個都不敢使用。依照《憲法》立院可決議邀請總統進行國情報告，民進黨竟然決定要反對，平白放棄可以在體制內進行合理制衡的途徑，也讓人高度懷疑，是否要為未來的蔡總統先擋下可能的國會監督呢？蔡主席提出的三或四原則，說來說去都要「實踐」才有意義。除了國情報告，資料調閱、調查、質詢、預算，甚至制定總統職權行使法，都是憲政體制可用的手段。不然體制不想用，街頭不敢上，難道是全民最大黨只能用政論節目發牢騷嗎？無論如何，中國已經以民族大義發出嚴峻訊息，也不清楚恍惚的民進黨是否要走上馬先生搭好的奈何橋，台灣人民與公民社會只能再度「自救」，努力想想該怎樣抵抗這種微笑威脅。 台大法律系教授、台灣守護民主平台監事  ,http://www.appledaily.com.tw/appledaily/article/headline/20151108/36887496/%E7%84%A6%E9%BB%9E%E8%A9%95%E8%AB%96%EF%BC%9A%E5%8A%AA%E5%8A%9B%E6%8A%B5%E6%8A%97%E5%BE%AE%E7%AC%91%E5%A8%81%E8%84%85%EF%BC%88%E9%A1%8F%E5%8E%A5%E5%AE%89%EF%BC%89
2015年11月08日,每天一圓仔：圓仔老師的野戰技巧, 圓仔。台北市立動物園每天一圓仔更多更精采的《每天一圓仔》，請點選http://www.appledaily.com.tw/animation/fantasy/177    ,http://www.appledaily.com.tw/appledaily/article/headline/20151108/36888007/%E6%AF%8F%E5%A4%A9%E4%B8%80%E5%9C%93%E4%BB%94%EF%BC%9A%E5%9C%93%E4%BB%94%E8%80%81%E5%B8%AB%E7%9A%84%E9%87%8E%E6%88%B0%E6%8A%80%E5%B7%A7
2015年11月08日,看診勾到辣人妻　帶回家啪啪啪挨告, 動畫畫面擷取。【動新聞╱基隆報導】基隆市1名36歲張姓工人，今年6月間前往醫院戒酒癮，未料煞到1名身材豐滿火辣前來看診的人妻，張男上前搭訕，雙方相談甚歡，人妻向張男訴苦說，最近經常與丈夫吵架，感情不睦，張男便帶人妻返回住家嘿咻5、6次。 未料人妻擔心出軌的事曝光，決定向張男提分手，今年6月17日，人妻開車載張男在七堵附近談判，張男當場情緒激動，竟嗆人妻恫嚇：「我要殺了你全家人！」並對人妻摑掌，人妻返家向老公求助後報警。 人妻向檢警表示，雙方會發生性關係，是因為張男在茶葉裡放安眠藥，導致自己神智不清被迷姦，怒告張強制性交、妨害自由等罪嫌；張男則稱雙方是合意性交。日前全案偵辦終結，檢方認為，人妻平時就有吃安眠藥習慣，摑掌也沒有驗傷單，檢方予以張不起訴處分。   ,http://www.appledaily.com.tw/appledaily/article/headline/20151108/36887995/%E7%9C%8B%E8%A8%BA%E5%8B%BE%E5%88%B0%E8%BE%A3%E4%BA%BA%E5%A6%BB%E3%80%80%E5%B8%B6%E5%9B%9E%E5%AE%B6%E5%95%AA%E5%95%AA%E5%95%AA%E6%8C%A8%E5%91%8A
2015年11月08日,男客運司機不甩陸客要求準點發車「為國家保住尊嚴」, 客運司機與陸女互動被po出。翻攝自「就是愛台東」臉書【動新聞╱綜合報導】前天下午台東1輛普悠瑪客運停在富岡漁港，此時1名女子氣喘噓噓跑來，以大陸口音詢問司機「這車到車站嗎？可以再等一下嗎？」，司機回應：「不好意思，我們都是準時發車，本車次16時30分發車，不然後面站牌的客人會等很久」。 要求等待的女子不死心，突然補了句「我們大陸都這樣的」。司機聽後也不動怒，溫和的告訴她：「這套模式你回大陸再用吧！」陸女聞之愕然表示：「我也只是跟你說一聲」。司機則回答她：「我也只是回答妳而已」。陸女頓時啞口無言，只好急喚同伴上車。此時在距離客運30公尺遠的5女1男才慢慢的走向車上，剛好趕上4時30分發車。客運公司則表示，不會依個人身份不同而調整發車時間，會依照既有規則和制度運作，「每個國家和公司都該照著自己的規定運作，維護本該有的尊嚴與品質。」   ,http://www.appledaily.com.tw/appledaily/article/headline/20151108/36887992/%E7%94%B7%E5%AE%A2%E9%81%8B%E5%8F%B8%E6%A9%9F%E4%B8%8D%E7%94%A9%E9%99%B8%E5%AE%A2%E8%A6%81%E6%B1%82%E6%BA%96%E9%BB%9E%E7%99%BC%E8%BB%8A%E3%80%8C%E7%82%BA%E5%9C%8B%E5%AE%B6%E4%BF%9D%E4%BD%8F%E5%B0%8A%E5%9A%B4%E3%80%8D
2015年11月08日,你是勾魂女嗎？讓男生狠狠愛的10大特質, 讓男生狠狠愛的特質之一：綁馬尾。李俊淇攝女神百百種，有人喜歡青春無敵的馬尾妹、有人偏愛性感路線，但是究竟女生身上出現哪些特質，會成為讓男生狠狠愛的勾魂女呢？   ,http://www.appledaily.com.tw/appledaily/article/headline/20151108/36887986/%E4%BD%A0%E6%98%AF%E5%8B%BE%E9%AD%82%E5%A5%B3%E5%97%8E%EF%BC%9F%E8%AE%93%E7%94%B7%E7%94%9F%E7%8B%A0%E7%8B%A0%E6%84%9B%E7%9A%8410%E5%A4%A7%E7%89%B9%E8%B3%AA
2015年11月08日,拿獎好棒棒！台灣之光 凍零超有效, 【廣編特輯】肌齡研究報告指出，25歲之後體內膠原蛋白就會開始流失，肌膚失去支撐力，細紋就會變明顯，兩頰也會逐漸消風凹陷，想要永保青春嫩顏就真的需要好好的「補一補」，專家建議25歲以後，就應該開始養成每天吃膠原蛋白粉的習慣，補充日漸流失的彈力，才能隨時都保有天王、天后級的「超澎Q」雙頰！高含量小分子 回春更有感達人專家都掛保證的「ONCE膠原蛋白粉」，以吃美也吃白的回春神器，上市至今在屈臣氏已狂銷超過50萬包，不論是口碑或是人氣都是門市NO.1，日前更一舉拿下2015屈臣氏健康美麗大賞個人保健「品類第一」的殊榮。愛用者陳小姐就說ONCE的回春神技，讓生完孩子臉凹很大的她，重新拾回澎潤雙頰，連老公都讚她比生孩子之前還要美，現在她不僅自己吃，也拉著老公一起吃，她笑說：兩個人一起變年輕，不僅社交更有自信，感情也更美滿喔！  專業營養師指出，有史上最強「吃的澎皮膠原蛋白」稱譽的ONCE膠原蛋白粉，每1包的膠原蛋白胜肽高達6000mg，分子更是僅有膠原蛋白的1/150，吸收效率超高，能迅速補充肌膚流失的青春彈力，天天喝自然很快就有回春澎潤的感覺，更能修護及更新肌膚，並結合保濕達到撫平細紋的功效，同時增加皮膚緊密度，產生皮膚張力，縮小毛孔，使皮膚緊實而富有彈性！讓你不只回春，更能養出超越天生的「彈、潤、Q、白」好膚質！ 屈臣氏　好康優惠  我要購買http://www.ionce.com.tw/py_once_1_app.html  ,http://www.appledaily.com.tw/appledaily/article/headline/20151108/36863582/%E6%8B%BF%E7%8D%8E%E5%A5%BD%E6%A3%92%E6%A3%92%EF%BC%81%E5%8F%B0%E7%81%A3%E4%B9%8B%E5%85%89%E5%87%8D%E9%9B%B6%E8%B6%85%E6%9C%89%E6%95%88
2015年11月08日,小屈熱賣 油切草莓鼻、坑疤臉 3天見效, 【廣編特輯】「滿滿黑毛孔的草莓鼻、擠痘痘留下的坑洞」可說是名列夏日醜肌前兩名，想要除之而後快，就要選對好的控油產品，屈臣氏賣到缺貨的超級新品「ONCE微導控油凝露」，3天即能將惱人的草莓鼻及坑洞疤清乾淨，被粉絲奉為吸油神器，直呼：「想要有0毛孔的嫩蛋肌，夏天真的不能沒有它！」油肌男女甩開煩惱想甩掉草莓鼻、坑疤臉，變身滑蛋肌正妹，首先要揪出毛孔髒汙油垢，同時恢復油水平衡，並束緊開口笑的毛孔，而唯一能集合這三項功能的醫藥級控油凝露就非「ONCE微導控油凝露」莫屬！  親身試用的保養達人就指出，「ONCE微導控油凝露」完全不含酒精及滑石粉，以法、日專利的獨家油切配方來剷除臉上油脂及調理油水平衡、促進角質代謝，長達12小時的強力控油，讓油肌男女都能甩開煩惱，清爽過一夏！今天屈臣氏最便宜鼻頭佈滿粗黑毛孔的楊小姐，在聽說「ONCE微導控油凝露」超強除油力後，也立刻衝到屈臣氏敗了一組，擦了之後驚為天人，直說：「我的草莓鼻真的清乾淨了，毛孔也縮小好多，以前沒擦粉不敢出門，現在素顏超近自拍我也敢，真的是讓我樂翻天！」  門市店長指出，原價980元的「ONCE微導控油凝露」，本檔期推出2盒合購1350元的優惠，今天還有全店「滿$488享85折」、「買$1500送$100」及「醫美商品滿$2800送$200」的多重活動，平均一盒只要574元，「等於不到600元的價格，換算下來，平均一次保養成本幾乎只要9元，實在太划算了！」 屈臣氏　好康優惠 我要購買http://goo.gl/bU4HyX ,http://www.appledaily.com.tw/appledaily/article/headline/20151108/36878416/%E5%B0%8F%E5%B1%88%E7%86%B1%E8%B3%A3%E6%B2%B9%E5%88%87%E8%8D%89%E8%8E%93%E9%BC%BB%E3%80%81%E5%9D%91%E7%96%A4%E8%87%893%E5%A4%A9%E8%A6%8B%E6%95%88
2015年11月08日,廚房時尚配件  煮水好方便, 【行銷專題企劃】單身在外租屋，室內的空間有限，添購家具、家電前，都會經過一番仔細思考，尤其不一定每個租屋處都會有廚房可以開伙，因此，實用性高的廚房小家電，就成了租屋族必備。 歌林防傾倒隔溫快煮壺(1.5L)，機身輕巧時尚、操作簡單，體積小又不佔空間，使用上相當方便，受到不少租屋族群歡迎。11/8蘋果每日購限定優惠價788元想看更多，快點進：http://hit.pingle.com.tw/article/144#div-incover-ad {display:none}#div-onead-ad {display:none}#div-inread-ad {display:none} ,http://www.appledaily.com.tw/appledaily/article/headline/20151108/36884887/%E5%BB%9A%E6%88%BF%E6%99%82%E5%B0%9A%E9%85%8D%E4%BB%B6%E7%85%AE%E6%B0%B4%E5%A5%BD%E6%96%B9%E4%BE%BF
2015年11月08日,【這不是新聞】劇場 11月眾星雲集, 11月，鎖定《蘋果》【這不是新聞】劇場。不只挑戰你的頭腦，雪碧、林恩伶更將帶給你視覺感官的強烈衝擊，還有眾多實力派演員，同台大飆演技。想換換腦袋，快來【這不是新聞】劇場。 ,http://www.appledaily.com.tw/appledaily/article/headline/20151108/36888141/%E3%80%90%E9%80%99%E4%B8%8D%E6%98%AF%E6%96%B0%E8%81%9E%E3%80%91%E5%8A%87%E5%A0%B411%E6%9C%88%E7%9C%BE%E6%98%9F%E9%9B%B2%E9%9B%86
2015年11月08日,【這不是新聞】靠威而鋼硬梆梆　好怕變軟爛男, 但如果遇到日本性感女星壇蜜這種狠角色，300壯士恐怕也很難應付。翻攝自壇蜜寫真集不少男人希望另一半在外頭像貴婦，在床上像蕩婦，讓他能像個渾身肌肉的斯巴達國王一樣，「強硬」地征服一切；但若另一半是日本性感女星壇蜜、或暗黑界家政婦吉澤明步這種狠角色，恐怕連三百壯士都會被榨乾。 幸好現在已有威而鋼這種具科學實證的壯陽藥，讓大家不用再去「懦夫救星」哭喊「我是懦夫」，也能勉強挽回顏面；但威而鋼會不會吃成習慣，不吃就變回「軟爛男」？吃了威而鋼真的就能為所欲為了嗎？讓《蘋果》告訴你！   ,http://www.appledaily.com.tw/appledaily/article/headline/20151108/36887998/%E3%80%90%E9%80%99%E4%B8%8D%E6%98%AF%E6%96%B0%E8%81%9E%E3%80%91%E9%9D%A0%E5%A8%81%E8%80%8C%E9%8B%BC%E7%A1%AC%E6%A2%86%E6%A2%86%E3%80%80%E5%A5%BD%E6%80%95%E8%AE%8A%E8%BB%9F%E7%88%9B%E7%94%B7
2015年11月08日,每日動一句 巴基斯坦維權人士馬拉拉, 馬拉拉去年獲頒美國國家憲法中心自由獎章。女性主義這個字this word Feminism是很微妙的一個字It has been a very tricky word我第一次聽到的時候when I heard it the first time我聽到一些負面和正面的反應I heard some negative responses and some positive ones我猶豫該不該說我是個女性主義者I hesitated in saying am I feminist or not之後聽到你的演講then after hearing your speech當你說when you said若非現在更待何時If not now when若非我又會是誰If not me who我決定絕不退讓I decided there’s no way也沒有什麼不對稱呼自己是女性主義者and there’s nothing wrong by calling yourself a feminist所以我是個女性主義者so I’m a feminist我們大家也都應該是女性主義者and we all should be a feminist因為女性主義其實就是平等because feminism is another word for equality巴基斯坦維權人士馬拉拉（Malala Yousafzai）上週於電影《馬拉拉：改變世界的力量》（He Named Me Malala）特映會後，與聯合國婦女署全球親善大使艾瑪華森（Emma Watson）對談，分享女性、教育和宗教議題看法。更多更精采的《每日動一句》，請點選http://www.appledaily.com.tw/animation/topics/141   ,http://www.appledaily.com.tw/appledaily/article/headline/20151108/36887989/%E6%AF%8F%E6%97%A5%E5%8B%95%E4%B8%80%E5%8F%A5%E5%B7%B4%E5%9F%BA%E6%96%AF%E5%9D%A6%E7%B6%AD%E6%AC%8A%E4%BA%BA%E5%A3%AB%E9%A6%AC%E6%8B%89%E6%8B%89
2015年11月08日,危險系女神溫嵐  11/29聲色魅惑震撼感官, 【廣編特輯】全新嵐式嗆辣風暴來襲！睽違華語歌壇近兩年，天后溫嵐加盟台灣太陽娛樂後首張全新個人國語專輯「愛上自己」，超強製作人卡司＋七位女力詞曲創作＋最大膽極致的造型，保證讓你再次愛上溫嵐！台灣大哥大myMusic也將於11/29(日)舉辦「愛上溫嵐派對myMusic演唱會」， 原汁原味將去年溫嵐在北京的演唱會精華重現，是您今年絕對不可錯過的一場盛典！性感大膽SM風格，以Beyonce、Lady Gaga愛用品牌Atsuko kudo最著名的latex材質馬甲加吊帶襪，帶來讓人血脈噴張的感官刺激。愛上自己，是現代女性必須的覺醒身為女人，你有多久沒好好愛自己？「危險系女神」溫嵐的全新大碟「愛上自己」，專輯概念就是來自於她近幾年的領悟也是最大收獲，為了要傳達給所有女性「發現更不同的自己，真正的愛上自己」，溫嵐希望整張專輯能由女性角度切入，來分享關於愛情、親情、生活的各種心情。「愛上自己」這張專輯特別邀請張惠妹御用製作人周志豪和新銳製作人安培小時伊聯手打造，溫嵐自己也擔任音樂總監，從選歌、製作方向到歌詞內容、編曲風格、混音等，全程參與專輯製作；她也親自包辦3首作詞，還邀來艾怡良、王雅君、徐世珍、李若君、知名作家大A、妮可醬樂團林茉莉Molly，總共7位女創作人，專輯歌曲包含國外原創曲，以及邀請音樂才子倪子岡為溫嵐量身打造時尚電子舞曲，曲風包含現今最流行的EDM，絕對能滿足所有喜愛電子舞曲的歌迷。雌雄同體的造型，讓溫嵐呈現出最自信有個性的一面。三款狂野不設限造型  給你百變溫嵐當然這次在專輯造型上，怎麼能不好好大玩特玩一下呢！有看過「升級版」的溫嵐嗎？這次給你獨一無二的天后級視覺饗宴！太陽娛樂特別找來曾幫舒淇、鄭秀文、許志安、盧凱彤等天王天后做造型的知名造型師Tanglai，讓温嵐以超短髮造型散發自信、個性的一面，並有三款顛覆此生最大形象的造型，而所有嵐迷驚豔不已！第一組是性感大膽的SM風格，馬甲加吊帶襪的造型，讓人血脈噴張；第二組是撩人裸背配上簡約風格連身褲，呈現柔媚女人味；最特別的是第三組，帥氣華麗的大外套、高領透膚毛衣和十二星座麂皮長靴，光是服裝就高達25萬台幣；加上化妝師Ricky Lau以風格強烈又獨特的「嵐眼妝」，為溫嵐展現前所未有的全新造型。這次專輯的三款截然不同的中性造型，也是為了呈現專輯概念—發現更不同的自己，真正的愛上自己！撩人裸背配上簡約風格連身褲，呈現温嵐柔媚女人味的一面。11/29快來愛上溫嵐！去年溫嵐在北京所舉辦的2014年溫嵐「舞動嵐圖世界巡迴演唱會」，獲得大陸粉絲們極高評價，台灣大哥大myMusic線上音樂為回饋支持的朋友們及廣大嵐迷，將於11月29日舉辦「愛上溫嵐派對myMusic演唱會」，演出內容將濃縮北京場精華，原汁原味於台灣歌迷朋友面前演出，超令人期待。不論是「放閃」裡帥氣性感的雌雄同體，還是「沒事」裡性感嫵媚的女神，都快來「愛上溫嵐」吧！「愛上溫嵐派對myMusic演唱會」售票網址http://goo.gl/SR4miB（myMusic付費會員另有優惠，數量有限，售完為止。）myMusic官網http://www.mymusic.net.tw/index.gsp也可手機搜尋「myMusic」下載APP，免費體驗音樂服務！#div-incover-ad {display:none}#div-onead-ad {display:none}#div-inread-ad {display:none} ,http://www.appledaily.com.tw/appledaily/article/headline/20151108/36887314/%E5%8D%B1%E9%9A%AA%E7%B3%BB%E5%A5%B3%E7%A5%9E%E6%BA%AB%E5%B5%9011/29%E8%81%B2%E8%89%B2%E9%AD%85%E6%83%91%E9%9C%87%E6%92%BC%E6%84%9F%E5%AE%98
2015年11月08日,空勤機迫降 清泉崗機場封5小時, 機腹滑行空勤總隊定翼機起落架故障，昨在清泉崗機場貼地滑行1500公尺才停住。讀者提供【蕭夙眉、張惠凱╱台中報導】駐地在台中清泉崗機場旁的空勤總隊勤務第二大隊所屬BE-350定翼機，昨天在機場內降落時疑因起落架故障，貼地滑行1500公尺後才停住，雖然機身受損，幸運的是機上4人均未受傷，但造成機場跑道封閉近5小時，國際航線10班次、國內航線8班次延誤，直到晚間6時30分班機才恢復正常起降。起落架幾沒放下昨天上午10時34分，空勤隊第二大隊正駕駛楊志平（56歲）、副駕駛阮敬堯（46歲）駕駛機齡22年、機號NA-302的BE-350定翼機，載林務局人員陳聖元（35歲）、李茂園（32歲）執行國土綜合規劃空勘航攝，下午1時53分任務結束要降落時發現起落架機械故障，立即通報塔台，啟動緊急應變措施。空勤總隊目擊人員透露，飛機起落架幾乎沒放下，機身在跑道滑行1500公尺才停住，驚險萬分，能人機平安，堪稱不幸中的大幸，晚間6時多，空勤總隊出動的吊車將飛機拖離跑道送至漢翔公司維修，班機恢復正常起降。 旅客怨「不耐煩」香港旅客何先生抱怨：「等了4、5個小時也不知道發生什麼情況，令人感到不耐煩！」空勤總隊說定翼機最大航程1540浬，特色是航空攝影、農業災害調查、台灣基本圖修測及空中偵巡等任務。  ,http://www.appledaily.com.tw/appledaily/article/headline/20151108/36887712/%E7%A9%BA%E5%8B%A4%E6%A9%9F%E8%BF%AB%E9%99%8D%E6%B8%85%E6%B3%89%E5%B4%97%E6%A9%9F%E5%A0%B4%E5%B0%815%E5%B0%8F%E6%99%82
2015年11月08日,黑支酒後又暴走 打傷警員遭壓制, 演員「黑支」酒後齜牙裂嘴嗆警察是騙子，還抓傷警察。翻攝畫面【鄧惠珍、俞泊霖╱彰化報導】醫護煞星黑支老大，這次打進警察局！本名陳清達的藝人「黑支」昨酒後打110報案手機遺失，他在警方到場處理時突發酒瘋打傷警員，結果原來要報案的他反遭警壓制，並被依妨礙公務、傷害等罪嫌移送。48歲的陳清達，演出《台灣龍捲風》「黑支老大」成名，曾酒後毆打急診醫師、大鬧急診室，引發撻伐，才公開道歉保證絕不再犯。遺失手機報案脫序諷刺的是他前晚到台中與友人飲酒，被友人載回家後，發現手機遺失，昨凌晨二時打電話報警竟再打傷警員。 彰化泰和派出所林姓警員與同事，當時請黑支回派出所填寫資料，他突反問：「我的小鳥被偷走還找不回來」，且因不滿警方答稱已掌握對象，咆哮：「掌握什麼東西？你什麼東西！」 警方喝斥「放尊重點！」但黑支續嗆：「你沒有給我三聯單你就糟糕了！」、「你真的是騙子！」黑支罵完後原要配合警方回派出所完成報案程序，不料他看到父親出門察看，竟突抓住林姓警員衣領，反遭警方壓制在地，還弄傷警員手指。 黑支昨接到《蘋果》詢問電話僅說「謝謝」，黑支訊後被檢方請回。網友說，請電視台不要再找這種小混混，用了只會壞你們名聲。 彰基司法醫學中心主任王俸鋼說，酗酒會引起暴力傾向，類似黑支喝酒就出事，已須精神科協助。律師陳忠儀說，傷害為告訴乃論，《刑法》妨害公務可處3年以下徒刑，若遭判刑5年內再犯，可能會加重其刑。 黑支小檔案◎本名：陳清達◎年齡：48歲◎特徵：三分頭◎成名作：電視劇《台灣龍捲風》演「黑支老大」◎之前酒醉鬧事事件：2013 ╱ 酒醉帶母親到彰化基督教醫院就診，毆打醫生，被判刑4月，可易科罰金。2014 ╱ 酒後到彰化醫院探父，被警衛攔下，作勢打警衛且咒罵，醫院未提告。資料來源：《蘋果》資料室  ,http://www.appledaily.com.tw/appledaily/article/headline/20151108/36887708/%E9%BB%91%E6%94%AF%E9%85%92%E5%BE%8C%E5%8F%88%E6%9A%B4%E8%B5%B0%E6%89%93%E5%82%B7%E8%AD%A6%E5%93%A1%E9%81%AD%E5%A3%93%E5%88%B6
2015年11月08日,賞花海 13萬人湧新社, 2015台中新社花海暨國際花毯節昨開幕，首日湧入13萬人次，今年花海有規劃接駁車專用道，昨有3萬人次搭乘，搭乘者都說一路順暢但得排隊等候，昨上午8時前、10時至12時有塞車潮，走走停停，時速在10至40公里左右。今年花毯區及花海區都擺設心型看板，農業博覽會區前有歡樂氣球意象（大圖），遊客洪汶福直呼：「太浪漫了，很適合談戀愛的情侶來這裡！」《蘋果》就目睹一對情侶專注賞花拍照（小圖）。 文╱蕭夙眉•圖╱張惠凱 ,http://www.appledaily.com.tw/appledaily/article/headline/20151108/36887705/%E8%B3%9E%E8%8A%B1%E6%B5%B713%E8%90%AC%E4%BA%BA%E6%B9%A7%E6%96%B0%E7%A4%BE
2015年11月08日,年發64億育嬰津貼 恐難支應失業給付, 差距擴大我國2009年起發放育嬰留職停薪津貼，軍公教由軍保和公保支應，每年約5千人申請約4億元；勞工部分因勞保財務吃緊，立法敲定由發放失業給付的就業保險基金支應，但給付件數暴增，去年發64億元育嬰津貼，首次超越失業給付金額。勞團憂育嬰津貼成就保最大支出，若再遇失業潮，恐難支應失業給付。應回歸勞保給付我國2002年實施《性別工作平等法》，受僱者在子女滿3歲前，可申請最長2年育嬰留停，期間無薪水，誘因不大，但2009年起發放最長6個月6成薪的津貼後，請育嬰假者大增，以勞工申請量成長最明顯。 勞動部統計去年6.8萬勞工申請63.9億元育嬰津貼，首次超越失業給付63.5億元；今年1到8月有5.9萬勞工申請育嬰津貼，發出56.3億元，大幅超越失業給付43.4億元。 台灣勞動與社會政策研究協會執行長張烽益說，制度已失衡，應考慮讓育嬰津貼回歸勞保給付。勞動部指就保基金餘額仍有1千多億元，足夠支應育嬰津貼和失業給付，未來會檢討。記者陳嘉恩  ,http://www.appledaily.com.tw/appledaily/article/headline/20151108/36887703/%E5%B9%B4%E7%99%BC64%E5%84%84%E8%82%B2%E5%AC%B0%E6%B4%A5%E8%B2%BC%E6%81%90%E9%9B%A3%E6%94%AF%E6%87%89%E5%A4%B1%E6%A5%AD%E7%B5%A6%E4%BB%98
2015年11月08日,鑽漏洞師請育嬰假 年A千萬, 為促進生育，軍公教和受僱勞工都可申請育嬰留職停薪。資料照片【劉嘉韻、唐鎮宇╱台北報導】勞工和軍公教都享最長2年育嬰留職停薪（俗稱育嬰假），其中6個月可領津貼。但近日有教師鑽法律漏洞，在申請育嬰假後，於寒暑假復職，多領1到2個月薪水又不用工作，等開學再繼續留停，教育部估每年有200教師鑽此漏洞。教團批此舉濫用教師權利，社會觀感不佳。教育部和勞動部本周將開會研商對策。教育部人事處統計，每年約有2千多名高中職以下教師申請育嬰留停，其中估約1成在寒暑假期間復職、開學後再續請育嬰留職停薪。 「生2胎都這麼做」《蘋果》以教師月薪約4萬多元初估，若每年200人在寒假或暑假期間復職，等於政府每年要多付給教師1200多萬元薪資。不具名國小教師說，確實很多老師請育嬰假會避開寒暑假，但因教師沒有特休假，寒暑假原就是福利，只要有安排好交接，不要影響到學生，外界不應苛責。中小學校長協會理事長薛春光說，此狀況比大家想像得還嚴重，曾有新北市國小校長跟他吐苦水說，有生育小孩的年輕老師幾乎都用這方式請假，且一個教一個，不少人生2胎都這麼做。但他不透露學校名稱。 「有濫用權利之嫌」全國教師工會總聯合會理事長張旭政指，教師請育嬰假期間，因有代理代課教師，不會損及學生受教權，但他認為，教師若在寒暑假申請復職領薪，有違社會公平正義，也會造成社會觀感不佳，有濫用權利之嫌。民間企業上班族林先生說，一般上班族連育嬰假都不敢請，教師請假不但一定准，還有漏洞可鑽，太不公平。教育部說，因《性別工作平等法》規定不得拒絕員工請育嬰假，導致確實有些老師請6個月育嬰假，卻在寒暑假申請提前復職；或直接安排小於6個月的育嬰假，以便銜接到寒暑假復職領全薪，因育嬰留停的母法《性別工作平等法》是勞動部主管，該部無法解決此問題。 本周開會研商對策但勞動部官員說，現行《育嬰留職停薪實施辦法》已規定，請育嬰假每次以不少於6個月為原則，若教師要縮短、延長或提前復職，都需和僱主（學校）協商。例如若有教師計劃6月先請1個月育嬰假，以便銜接暑假復職領全薪，學校可拒絕給1個月育嬰假，只同意1次給6個月育嬰假。由於兩部會對法律見解不同，教育部指，本周將和勞動部開會討論此事。 育嬰留職停薪規定◎適用對象：受僱勞工、軍公教人員◎請假規定：•受僱者在同一家公司任職滿半年、子女滿3歲前即可申請育嬰假，僱主不得拒絕•最長可請2年，每次申請以不少於6個月為原則•若申請小於6個月的育嬰假，或是申請後想提前、延後復職需和僱主協商◎津貼請領：•育嬰留停期間最多可領6個月育嬰留職停薪津貼，金額為投保薪資6成•勞工由就業保險基金支付，軍公教分別由軍保和公保支付◎諮詢管道：勞動部0800-085151資料來源：《蘋果》採訪整理  ,http://www.appledaily.com.tw/appledaily/article/headline/20151108/36887696/%E9%91%BD%E6%BC%8F%E6%B4%9E%E5%B8%AB%E8%AB%8B%E8%82%B2%E5%AC%B0%E5%81%87%E5%B9%B4A%E5%8D%83%E8%90%AC
2015年11月08日,【馬習會】 馬專機飛新加坡 幻象戰機伴飛, 【動新聞╱台北報導】總統馬英九在昨天上午6時乘專機前往新加坡，下午將與中國國家主席習近平會晤，軍方官員指出，國防部依往例進行總統專機的「護航」、「伴飛」任務，以確保專機在我航空視別區內的安全。總統專機已經在1030抵達新加坡機場。 官員表示，此次擔任護航任務機包括E-2K空中預警機、F-16戰機、經國號戰機及幻象戰機，是依據任務需求，指派戰機進行總統專機的護航任務。 （動新聞╱綜合報導）   ,http://www.appledaily.com.tw/appledaily/article/headline/20151108/36888236/%E3%80%90%E9%A6%AC%E7%BF%92%E6%9C%83%E3%80%91%E9%A6%AC%E5%B0%88%E6%A9%9F%E9%A3%9B%E6%96%B0%E5%8A%A0%E5%9D%A1%E5%B9%BB%E8%B1%A1%E6%88%B0%E6%A9%9F%E4%BC%B4%E9%A3%9B
2015年11月08日,【天龍之戰X寶島爭霸】最後究竟 握死誰手, 【動新聞/綜合報導】全世界都在看的馬習會，面對馬總統修練八年的神秘武器，習主席會前又做了哪些準備，好贏得最後的勝利呢？《蘋果日報》網站第一時間推出熱騰騰的政治KUSO動畫，這次加碼成為【天龍之戰X寶島爭霸】，讓大家一窺這場世紀之握的幕後。壹傳媒動畫公司動畫師結合政壇時事與創意，鎖定2016總統大選，推出全新原創3D動畫影集，以最貼近時事的即時笑點、第一手的速度，透過數位動畫製作及漫畫手法，呈現政壇五花八門笑鬧風貌，客官們千萬別錯過！更多更精采的《寶島爭霸》，請點選http://www.appledaily.com.tw/animation/fantasy/495 ,http://www.appledaily.com.tw/appledaily/article/headline/20151108/36887351/%E3%80%90%E5%A4%A9%E9%BE%8D%E4%B9%8B%E6%88%B0X%E5%AF%B6%E5%B3%B6%E7%88%AD%E9%9C%B8%E3%80%91%E6%9C%80%E5%BE%8C%E7%A9%B6%E7%AB%9F%E6%8F%A1%E6%AD%BB%E8%AA%B0%E6%89%8B
2015年11月08日,蘋論：馬習共識只是國共共識, 馬習會終於不圓滿落幕。雖然我們始終對馬習會樂觀其成，但我們的失望度高於滿意度，覺得馬浪費了這次難得的表態與表意機會。從習、馬的對話，到後來雙方的記者會，可以歸納出我們感到失望的地方：1、本會最顯眼也最重要的議題是民族主義而非民主主義；2、一個中國遠遠凌駕於各自表述。3、雖無協議和共同聲明，但雙方都不斷強調「一中共識」，已形同共同聲明。4、過去長時間雙方幕僚們的祕密作業，到底涵蓋哪些議題？形成了哪些默契？5、在明年5月20日馬下台前，會出現哪些令繼任者無法逆轉的政策來實現馬習會的精神？這也是我們感到焦慮的問題。張志軍的記者會秉承習的意志，把一個中國理念貫穿整個會議，聲稱一中是兩岸的法理基礎，堅決反對台獨（兩岸同屬一中，不是一中一台），並恐嚇台灣若不存在一中基礎，兩岸關係必將「驚濤駭浪」，呼應習之前恐嚇台灣的用語，「（一中）基礎不牢，地動山搖」。他們的整個論述都落在大中國民族主義上。避談民主令人失望可憐的是馬總統像鸚鵡般學嘴學舌，從頭到尾強調「九二共識」（一中共識），偶爾趁隙插個小聲的「各自表述」。與中共玩中華民族主義必敗無疑，因為民族主義是非理性的唯血統論，他13億人口的血量，遠遠多過你台灣的血量。馬與習握手後表示，他握住的是中華民族復興之路。 中國民族主義是台灣弱項，愛因斯坦說，民族主義會造成民族的集體自我崇拜，台灣無意加入這種自我崇拜。台灣強項是民主，也是中共弱項，不表達台灣對民主的堅持，已失去作為台灣領導人的代表性，令人遺憾；這也是蔡英文表示維持現狀「跟馬最不一樣的是民主」的原因。 一中共識是習同意見馬的前提，我們不知此前馬透過幕僚是怎麼向習保證遵奉的，只確定馬對北京的主打是九二共識裡的「一中共識」；對台內部則主打「各自表述」，後者是不說給北京聽的。中國頗能諒解，因為他們也是這種「內外有別」的高手。 馬若在見習之前邀請在野領袖共商或邀請共同前往，表示「兩黨外交」的胸襟，即使遭到婉拒，也留下漂亮民主風範，並消解在野黨的疑慮。可惜馬沒有這樣的識見，讓馬習會僅成為國共共識，而國共共識當然不等於中台共識，因此其位階和正當性就必然低落，尤其是國民黨失去執政權後，國共共識還算不算數呢？此外，馬習會兩造講的空話多於實質，多屬原則性的宣示。唯一具體的是馬提出撤彈要求，卻被習一句話：「不是針對台灣」打發。撤彈才是馬這次最具體的提議，才是台灣人民最關切的議題，雖然撤彈只具象徵性的意義，但卻是對台最具善意的表現。馬無功而返，浪費良機，十足可惜。馬習會所得有限，卻很重要。希望下次兩岸領導人會晤，能從原則走向具體，實質上有利於兩岸的和平與生計。  ,http://www.appledaily.com.tw/appledaily/article/headline/20151108/36888218/%E8%98%8B%E8%AB%96%EF%BC%9A%E9%A6%AC%E7%BF%92%E5%85%B1%E8%AD%98%E5%8F%AA%E6%98%AF%E5%9C%8B%E5%85%B1%E5%85%B1%E8%AD%98
2015年11月08日,尊嚴對等 辜汪會重細節, 海基會前副秘書長李慶平（左圖）回憶辜汪會談（右圖），當時雙方嚴守尊嚴對等立場。 資料照片【徐珮君╱新加坡報導】「馬習會」昨登場，兩岸領導人馬英九總統、中國國家主席習近平在1993年4月舉行「辜汪會談」的新加坡會面，別具意義。曾參與「辜汪會談」籌備工作的海基會前副秘書長李慶平回憶，當初辜汪會時，雙方在會談20天前展開預備性磋商，安排會談各項細節，最重要原則就是尊嚴對等。他舉例，雙方怎麼出場、左右位子協調，就連雙方的座車數量、規格都要對等，每個環節都不放鬆。李慶平說，當時國際媒體都高度關注「辜汪會談」，尤其又在第三地新加坡舉行，為了讓兩岸在媒體上呈現出平起平坐的形象，安排海基會前董事長辜振甫、大陸前海協會會長汪道涵進場就特別設計，由海協會副會長唐樹備先到休息室迎請辜到汪的休息室見面，然後雙方同時進入會場，不分先後。事前安排須機密李慶平說，談判桌上也講究對等，依照禮節右代表主、左方代表客，左右兩邊也要互換，例如早上的會議是陸方在右方，下午的會議就要換邊，換成我方在左邊；會談前，辜、汪兩人隔桌握手，也是兩人先向一邊的媒體握手，然後再轉身向另一邊的媒體握手，讓呈現出來的畫面沒有主客差別。 李慶平還舉例，會談期間，新加坡外交部禮賓司還支援雙方兩部白色賓士280及一部小巴士，提供辜振甫、海基會秘書長邱進益祕書長及其他代表團成員使用，陸方也比照辦理。 此外，李慶平強調，兩岸高層會面的事前安排須高度機密性，當時政府決定在新加坡舉行前，前總統李登輝就指派當時的總統府副秘書長邱進益赴新加坡，邱就趁去美國休士頓參加共和黨總統提名大會的時機，避開媒體，轉到舊金山再飛到新加坡，與新加坡前總統李光耀見面，獲得協助促成的允諾，「這些事情在沒有成功前都無法事前公開，一旦公開就垮了」。 李慶平說，美中建交前，美國國務卿季辛吉也是密訪大陸，安排總統尼克森訪中，之後才向國會報告，這是行政權的一部分，「怎麼會是黑箱？」  ,http://www.appledaily.com.tw/appledaily/article/headline/20151108/36888215/%E5%B0%8A%E5%9A%B4%E5%B0%8D%E7%AD%89%E8%BE%9C%E6%B1%AA%E6%9C%83%E9%87%8D%E7%B4%B0%E7%AF%80
2015年11月08日,從毛蔣到馬習會 政治意涵大不同, 馬習會之歷史之握【林靖堂╱台北報導】馬習會昨日登場，是兩岸分治66年來的重大突破，不過，回顧國共近代史，1949年國民政府撤台前，國共雙方領導人有數次談判。尤以1945年抗戰勝利後，蔣介石與毛澤東為爭取國民政府一席之地，進而演變成國共內戰的重慶會談最為重要。政大台史所所長薛化元表示，1945年重慶會談蔣是國家領導人，毛是在野領導人，馬習會則雙方身分曖昧不清；重慶會談是一國內兩黨政治協商，馬習會則是兩岸分治後，兩岸領導人會晤，兩次會談具極不同的政治意涵。若要回顧1949年前國共兩黨的恩怨情仇，國史館主任秘書陳立文表示，國共兩黨在1949年有多次的合作與分裂。國共首次合作是1924到1927年，當時國民黨希望包容共產黨共同建設中華民國，因此提出「聯俄容共」；自1927年，國共兩黨政治路線分道揚鑣，國民黨開始「清黨分共」合作破局。 美方遣使介入和談陳立文指出，1930年開始國民黨5次剿共，國共兩黨自此對峙，但對日抗戰爆發後，共產黨提出「共赴國難宣言」，國共又第二次合作。只是，1940年「新四軍事件」，國共再生嫌隙，直到抗戰勝利後的「重慶會談」，雙方領袖才又重新見面。陳立文說，1945年國共在「重慶會談」後進行和談，但國共雙方仍在各自佔領區接受日軍投降，由於國民黨忌諱共產黨藉此擴張，因此，美國自12月遣使馬歇爾介入為期一年的國共和談。 李光耀成重要推手這段時間雙方多次協商，但1947年後國共內戰仍爆發，戰爭持續至1949年，最後中華民國政府撤退台灣，中共於10月1日建政。陳立文說，1949年後，兩岸一度近零互動，時至前總統李登輝1990年代主政時，一度有意與當時的中國國家主席楊尚昆與江澤民進行兩岸領導人會面。在李登輝與江澤民的兩岸互動中，數度表達兩岸領導人可於第三地「不期而遇」的意願，進而爆出兩岸密使疑雲，但最終仍告破局。陳立文指出，而這期間，居中協調的新加坡前總理李光耀，即為兩岸關係進展的重要推手之一，多次替李登輝在楊尚昆與江澤民間作「兩岸調人」，並在李光耀推波助瀾下，最終促成「汪辜會談」於1993年在新加坡舉行，兩岸關係獲得重大進展。 馬須維護台灣尊嚴不過，薛化元指出，從1949年國共和談可發現，共產黨善於在談判過程中抓住自己要的利益，重慶會談即是希望能夠透過政治協商，取得軍事控制區的合法性，另一方面形塑和平建國形象，也就是說，共產黨善於政治談判。而今，馬習會，薛化元認為，馬總統最重要的是，面對善於談判的中國政權，馬應維護台灣國家體制的尊嚴跟地位。 【兩岸歷史之握】◎時間/1945年8-10月 ◎地點/中國重慶國：國民政府主席 蔣介石共：中國共產黨中央委員會主席 毛澤東．內容：日本宣佈無條件投降後，美國特使兼駐華大使赫爾利對蔣施壓，要求蔣邀毛到重慶「和平談判」。雙方簽訂避免內戰等《雙十協定》。．意義：國共領袖第一次公開握手。 ◎地點/新加坡 ◎時間/1993年4月國：海峽交流基金會 董事長  辜振甫共：海峽兩岸關係協會 會長  汪道涵．內容：簽署兩岸公證書查證協議、兩岸掛號函件查詢補償事宜協議、兩會聯繫與會談制度協議及辜汪會談共同協議等四項事務性協議。．意義：1949年政府遷台以來，兩岸官方授權的民間中介團體，首度進行政治性接觸。 ◎時間/2005年4月 ◎地點/中國北京國：中國國民黨主席 連戰共：中共中央總書記 胡錦濤．內容：達成在認同「九二共識」基礎上促進恢復兩岸談判、促進終止敵對狀態，達成和平協議等五點共識。．意義：國共內戰以來，國民黨與共產黨領導人首次會晤。 ◎時間/2014年2月 ◎地點/中國南京國：行政院大陸委員會 主委  王郁琦共：中國國務院台灣事務辦公室主任  張志軍．內容：確立雙方首長層級互訪機制及強化雙方既有業務溝通管道。．意義：首次兩岸事務主管官員對話，互稱官銜，開啟兩岸官方對話。 ◎時間/2015年11月 ◎地點/新加坡國：台灣領導人  馬英九共：中國大陸領導人  習近平．內容：馬表示，「馬習會」中將與習談到對台軍事威脅相關議題，未來兩岸應降低敵意，和平解決爭端；馬也提到台灣的國際空間常遭遇困難，會與習討論。．意義：兩岸分治66年首次雙方領導人會面。  ,http://www.appledaily.com.tw/appledaily/article/headline/20151108/36888201/%E5%BE%9E%E6%AF%9B%E8%94%A3%E5%88%B0%E9%A6%AC%E7%BF%92%E6%9C%83%E6%94%BF%E6%B2%BB%E6%84%8F%E6%B6%B5%E5%A4%A7%E4%B8%8D%E5%90%8C
2015年11月08日,辣蘋果：馬習會是個開端（余艾苔）, 眾所注目的「馬習會」昨在新加坡舉行，閉門會談了1個小時，原先外傳中國將送出大禮，可能是撤除對台飛彈，也可能是承諾讓台灣加入區域組織，但這些大禮都沒有成真。對於台灣人高度敏感的撤除飛彈，習近平甚至還說這些飛彈不是針對台灣。馬習兩人在九二共識上著力甚深，只想確立兩岸和平發展的基石就是九二共識。對馬英九而言，上任7年多來落實九二共識，如今換來兩岸和平穩固，當然是一大成就。也因為九二共識作為基石，穩定的兩岸關係，才換來了馬習會。九二共識成唯一亮點對於習近平而言，面對未來台灣領導人可能產生變化，由民進黨取代國民黨成為執政黨，強調九二共識的重要性，就是要替未來民共互動劃下紅線，沒有九二共識，兩岸關係就難以平穩。 九二共識成了「馬習會」唯一的亮點，看來確實很可惜，畢竟這個難得的歷史機遇，各方難免會投注更多的期待。但兩岸關係不就是這樣，誰知道當年兩岸關係降至冰點，連戰一趟大陸行就讓一切變得不一樣了。有馬習會這個開端，未來才會有更進一步的發展吧。  ,http://www.appledaily.com.tw/appledaily/article/headline/20151108/36888198/%E8%BE%A3%E8%98%8B%E6%9E%9C%EF%BC%9A%E9%A6%AC%E7%BF%92%E6%9C%83%E6%98%AF%E5%80%8B%E9%96%8B%E7%AB%AF%EF%BC%88%E4%BD%99%E8%89%BE%E8%8B%94%EF%BC%89
2015年11月08日,「記者會安排 看出中國不民主」, 澳洲學者家博認為提九二共識不切實際。翻攝蒙納士大學官網【國際中心╱綜合報導】關注兩岸關係的中外學者在觀察馬習會後，有人指出，兩位領導人在發表講話或記者會上都有默契地不去碰觸對方敏感的議題；也有人點出從記者會再度看出中國的不民主，「他們要控制一切」。「他們想控制一切」澳洲蒙納士大學亞洲語言及研究中心教授家博（Bruce Jacobs）昨接受《蘋果》訪問時指，習近平見馬英九有兩個原因。一是習認為中國的台灣政策失敗，現在若能有改變，也許對他有利；二是在選舉前他看國民黨快完蛋了，所以希望馬習會能幫國民黨的忙。 家博指出，雙方記者會截然不同，中國國台辨主任張志軍講得很無聊，一直強調習講了什麼，媒體也沒問什麼，整個安排顯示中國不民主，他們的領導也不願接受訪問，他們要控制一切。 家博認為馬英九最大問題是他一直強調九二共識，但這不切實際，大家都知道九二共識不存在，不論「一中各表」或「一中」，「我相信台灣大部分人不會接受」，台灣文化已改變，從民調看來非常明顯，台灣人不是中國人。 雙方不碰敏感議題廈門大學台灣研究院政治研究所副所長陳先才表示，「整場看下來顯示兩岸雙方很有默契，互信基礎足夠」，他指不論是習先生或是馬先生，在發表講話或記者會上都有默契地不去碰觸對方敏感議題，且對談內容互相展現善意。中國社科院台灣研究所副所長張冠華認為，馬習會確立承認「九二共識」、以「領導人」作為頭銜、第三地會晤這3項條件，為未來兩岸領導人見面前提。張指出，習近平從來就不排斥與台灣的領導人見面，只是不認同兩岸領導人的會晤在國際場合進行。習此次點頭著眼於兩岸和平與穩定，但與台灣大選無關，「更不是為了拉抬國民黨選情。」法國現代中國研究中心研究員高格孚（Stephane Corcuff）指出，從台灣民族主義的角度來看，支持台灣主體性的人「一定不滿意」會談結果，但從外媒的角度觀察，因國際社會對台灣的認識普遍不足，即使馬習會讓台灣更陷入「一個中國」框架，仍對台灣形象有正面幫助，而且這是首度有台灣總統能在國際上對無數媒體發言且稱他總統，是項成就。  ,http://www.appledaily.com.tw/appledaily/article/headline/20151108/36888194/%E3%80%8C%E8%A8%98%E8%80%85%E6%9C%83%E5%AE%89%E6%8E%92%E7%9C%8B%E5%87%BA%E4%B8%AD%E5%9C%8B%E4%B8%8D%E6%B0%91%E4%B8%BB%E3%80%8D
2015年11月08日,陸媒切掉馬談話「沒大國氣度」, 中國中央電視台、鳳凰衛視均以現場影音直播馬習會，澎湃新聞及中國各大入口網站新浪、騰訊等也積極地以即時圖文直播。但中共官方秉持資訊審查的慣例，除央視直播畫面延遲約半分鐘出現、遇到馬英九談話就中斷畫面外，新浪圖文直播也略過台灣《旺報》的提問，直接跳到：「記者會直播結束」，讓不少中國網友不滿，直呼：「完全沒有大國該有的氣度。」稱台媒「也是」安排習近平在會談前所說的：「我們（兩岸）是打斷骨頭連著筋的兄弟，是血濃於水的一家人」被各家陸媒瘋狂引用。多數中媒標題均凸顯「兩岸友好」，人民網以「馬英九：會面將是兩岸領導人見面常態化的第一步」報導；新華網則是「兩岸領導人會面致辭『心有靈犀』 共談兩岸昨天今天明天」為標題；中新社直接以「部分台媒體勿雞蛋裡挑骨頭」，批台媒報導馬習會不對等。此外，有媒體將焦點放在馬習配戴的領帶上，新浪《新聞極客》引述評論稱：「領帶一藍一紅，是兩黨之間的尊重，自不必加以細說。」 國台辦主任張志軍在會後記者會上僅接受三家媒體提問，被認為記者會是安排好；但《環球時報》官方微博推文竟稱：「馬英九記者會開始，台灣方面的記者會提問明顯也是安排好的，都叫得出媒體和名字。」 網友：給人看笑話中國網友高度注意此會談，新浪微博出現「習馬會」關鍵字，不少人認為這次會面令人感動，要台灣快回到祖國懷抱；但也有人不滿央視中斷馬談話畫面，有人說：「這樣做的結果是極不得民心的，後面我也把電視機關掉，這就是我們老百姓唯一能幹的事」、「都什麼年代了，不敢直播小馬說話，簡直給人看笑話」，有網友翻牆上台灣《蘋果》即時網站，截下馬談話全文，讓更多人能順利取得資訊。◎大陸中心  ,http://www.appledaily.com.tw/appledaily/article/headline/20151108/36888191/%E9%99%B8%E5%AA%92%E5%88%87%E6%8E%89%E9%A6%AC%E8%AB%87%E8%A9%B1%E3%80%8C%E6%B2%92%E5%A4%A7%E5%9C%8B%E6%B0%A3%E5%BA%A6%E3%80%8D
2015年11月08日,外媒：象徵意義大於實質, ＢＢＣ、ＣＮＮ昨都迅速報導馬習會。翻攝網路馬習會之外媒解讀【國際中心╱綜合外電報導】歷史性的馬習會引發國際媒體高度關注，現場湧入600多名記者，相關訊息佔據各新聞網站頭條或重要位置，但報導或分析幾乎一面倒，認為會談象徵意義大於實質，並指台灣明年初大選將由反對與中國和解的民進黨候選人出線，兩岸解決歧見之路仍很漫長。美國《紐約時報》指出，馬習會被兩岸視為突破之舉，盼促進和平與相互尊重。但由於兩岸極力避免觸及主權敏感議題，會談過程充斥不自在且有些緊張的繁文縟節。報導指下次兩岸高峰會可能不會太快再舉行，因馬英九明年下台，台灣選民對於向中國靠攏逐漸感到厭惡，而被看好明年大選勝算高的民進黨總統候選人蔡英文，對中國的態度較謹慎。 《紐時》另引述紐約智庫亞洲協會美中關係中心主任夏偉（Orville Schell）指出，下任總統不會像馬英九這般通融，這場馬習會讓兩岸漫長歷史糾結更推進，但要解決歧見仍有很長的距離。 「平分帳單」成標題美國有線電視新聞網（CNN）報導，馬習會一些看起來不太正式的舉止，其實都是受繁瑣禮制所主宰著，這反應出兩岸間的沉重歷史。兩位領袖的每個一舉一動都被以放大鏡審視。馬習會後餐會「平分帳單」，明顯就是為了避免政治敏感。美國彭博及英國《衛報》皆以兩岸「平分帳單」為標題。《華爾街日報》指，在雙方客氣互稱「先生」的寒暄背後，北京能忍受多久不邁向統一目標，仍是未定之數。習近平一直推動中國是強國的概念，分析指，他不可能放棄終極統一的政治目標。 只是打破北京禁忌《衛報》引述中央研究院政治學研究所助理研究員鮑彤（Nathan Batto）稱，雖然許多民調都顯示近全數台灣民眾贊成跟中國增進對話，沒有人想開戰，但支持兩岸統一的人越來越少，鮑彤說：「跟南北韓或東西德不同，台海兩岸的分歧深多了。」美國《華盛頓郵報》和英國廣播公司（BBC）都指，這場會談是象徵意義大於實質。德國之聲評論，兩岸領袖舉行高峰會並握手，打破了北京當局的禁忌，但僅止於此。美聯社則指習近平與馬英九的這一握，數十年來曾看似不可能發生。雙方的對抗一度讓世界瀕臨核子戰爭，不過現在兩人在精心安排的政治舞台上握手，足足握了1分鐘多，還一起轉身，讓會場裡每個人都能以適當的角度拍下這一刻。 NHK指習牽制民進黨日本放送協會（NHK）指出，「習近平認為台獨是最大的威脅」，分析中方的發言無疑是針對，（明年台灣總統大選）民調大幅領先的民進黨，刻意用「中台同屬一中」予以牽制。日本《讀賣新聞》也指習近平強調「絕對不允許任何分裂國家領土的行動」，無疑是要牽制在主張獨立，並在明年總統大選中處於優勢的民進黨。新加坡《海峽時報》提到，這場會談是在馬英九離卸任不到幾個月前發生。他與北京友好的國民黨，因為使兩岸經濟關係更為緊密而讓台灣選民感到不安，國民黨總統候選人也在民調中落後。 外媒報馬習會摘要美國有線電視新聞網（CNN）：．習近平重申台灣是中國的一省，馬英九說台灣同意一個中國政策，「但我們對它的定義繼續保持不同」美國《紐約時報》（New Yorks Times）：．整個會談過程充斥不自在且有些緊張的繁文縟節英國廣播公司（BBC）：．中國與台灣領導人慶賀歷史性的會談。這場會議被視為僅有象徵性意義日本《讀賣新聞》：．馬習會目的在牽制民進黨，習近平強調絕不允許任何分裂國家領土的行動資料來源：綜合外電  ,http://www.appledaily.com.tw/appledaily/article/headline/20151108/36888184/%E5%A4%96%E5%AA%92%EF%BC%9A%E8%B1%A1%E5%BE%B5%E6%84%8F%E7%BE%A9%E5%A4%A7%E6%96%BC%E5%AF%A6%E8%B3%AA
2015年11月08日,我國國旗 央視播2次, 中國央視（CCTV）昨報導馬習會時，竟1天內2度曝光中華民國國旗！上周四央視報導總統馬英九在總統府舉行記者會時，特地將他胸口別的國旗徽章打上馬賽克。但央視昨不知是疏忽或改變作法，播出馬總統的會後記者會時，竟讓有我國國旗圖案及總統字樣的名牌出現；晚上6時許，CCTV13播出的專題節目《共同關注》介紹馬習會時，取用馬總統上周四在總統府開記者會的畫面，背景大大的國旗也未被馬賽克（箭頭處），情況罕見。文╱大陸中心圖╱翻攝網路   ,http://www.appledaily.com.tw/appledaily/article/headline/20151108/36888181/%E6%88%91%E5%9C%8B%E5%9C%8B%E6%97%97%E5%A4%AE%E8%A6%96%E6%92%AD2%E6%AC%A1
2015年11月08日,藍營：朱訪美增亮點 可拉抬氣勢, 國民黨總統參選人朱立倫（左三）昨指綠營每天唱衰兩岸交流，應敞開心胸正面看待。吳詠平攝「馬習會」昨落幕，藍營普遍認為對國民黨選情有幫助。國民黨黨政高層說，馬總統堅持「九二共識」，讓兩岸關係推進到雙方領導人的正式會面，代表國民黨7年來的兩岸政策是正確的，兩岸關係能在「九二共識」深化下繼續往前邁進，對選情有相當大的幫忙。穩定國民黨基本盤黨政高層表示，馬總統的兩岸成就若能順利出口轉內銷，不僅替國民黨總統參選人朱立倫的訪美行增加亮點，國民黨的大選氣勢也可望順勢抬升。黨內目前規劃，朱立倫訪美回國後就要在黨中央旁邊成立競選總部，將是馬朱同台造勢的最佳時間點。 藍委吳育昇說，這次馬習會可穩定國民黨基本盤，對中間選民來講，也會產生一定影響，接下來要看民進黨怎麼回應，如果還是用持續批判、持續意識形態、持續台獨掛帥，百般羞辱「九二共識」，卻提不出更好的東西，民進黨總統參選人蔡英文的支持度就會開始出現變化。 蔡正元：有助團結藍委蔡正元也說，基本上馬習會對選情是有正面的幫助，但會有多大的提升，目前難評估，因為並沒有發生驚天動地的事件，但至少在團結藍軍上，會有正面幫助。至於是否影響親民黨選情？親民黨發言人李鴻鈞表示，這次馬習會沒有談到很具體的東西，所以在台灣社會得到正面還是負面的聲音，仍然需要觀察。◎記者劉冠廷、張文馨  ,http://www.appledaily.com.tw/appledaily/article/headline/20151108/36888177/%E8%97%8D%E7%87%9F%EF%BC%9A%E6%9C%B1%E8%A8%AA%E7%BE%8E%E5%A2%9E%E4%BA%AE%E9%BB%9E%E5%8F%AF%E6%8B%89%E6%8A%AC%E6%B0%A3%E5%8B%A2
2015年11月08日,綠營：激化對立 對蔡加分, 血流如注 抗議民眾前晚夜襲立院，與警方爆發激烈推擠，有民眾手部受傷血流如注。李銘宏攝眾所矚目的「馬習會」昨在新加坡舉行，外界好奇對明年選情帶來什麼衝擊。民進黨立委陳其邁昨表示，對選情實質影響難以評估，但中方鎖定「一中框架」，激化藍綠對立，可能因此增加投票率。但民進黨高層則說，現在是國民黨要去思考「馬習會」對選情的影響，「這是國民黨總統參選人朱立倫的問題，不是民進黨的問題。」民進黨發言人王閔生昨說，「馬習會」所呈現結果，相信大部分台灣人民是感到失望的，民進黨還在持續關心社會的反應，但目前為止會按照既有選戰步調進行，戰戰兢兢、全力以赴爭取大家的支持。夜襲立院只成就馬歷史地位民進黨高層則說：「習近平說飛彈不是針對台灣，馬英九也信；糊弄你、耍你、騙你、搪塞你，馬英九居然都相信！台灣民眾會認為馬怎麼弱成這樣？」現在是朱立倫比較擔心「馬習會」影響選情，中間選民、年輕人選票恐流失更嚴重。 民進黨立委黃偉哲分析，只有「馬習會」成就非凡、捍衛台灣主權才會對蔡英文選情造成衝擊，但習近平昨老調重談，一副宗主國的態度，馬總統也完全沒獲得優勢，只成就個人的歷史定位，對民進黨選情「不但不會扣分，甚至還可能加分！」另有民進黨人士則說，馬習會對民進黨選舉根本不會有影響，兩人只是見個面，留下歷史紀錄，並未對台灣人民有何實質幫助。 同屬一中掛沒幫助民進黨立委莊瑞雄也認為，朱立倫在「朱習會」中提及「兩岸同屬一中」，可見朱與馬英九一樣都是「一中掛」，馬習會對國民黨的選情不但沒有加分，反而還會雪上加霜。「馬習會」昨在新加坡香格里拉飯店舉行，雙方閉門1小時後，中國方面由國台辦主任張志軍主持記者會，對於媒體詢問台灣選舉議題，張志軍表示，不會介入台灣的選舉，而是關心兩岸關係繼續朝正確方向發展。張也強調，目前距離選舉還有大約70天，他們看重的是兩岸關係的未來，他也轉述中國國家主席習近平的說法指出，只要有利於兩岸關係發展，雙方都應該努力去做。◎記者林修卉、黃揚明  ,http://www.appledaily.com.tw/appledaily/article/headline/20151108/36888171/%E7%B6%A0%E7%87%9F%EF%BC%9A%E6%BF%80%E5%8C%96%E5%B0%8D%E7%AB%8B%E5%B0%8D%E8%94%A1%E5%8A%A0%E5%88%86
2015年11月08日,蔡斥：馬習框限人民選擇, 民進黨主席蔡英文（左圖）昨在台中助選，針對馬習會罕見準備手稿（右圖，紅圈處）回應，表示應維持台灣民主自由現狀。林建鋒攝馬習會之朝野反應【綜合報導】總統馬英九與中國國家主席習近平昨在新加坡舉行會談，雙方共同強調九二共識。民進黨總統參選人蔡英文昨痛批，馬習會唯一達成的效果是在國際舞台上，企圖用政治框架，框限未來在兩岸關係上人民的選擇。她更批評，「馬總統帶著黑箱的疑慮出發，即將帶著更大的爭議回來。」親民黨總統參選人宋楚瑜則說，馬英九幕僚準備不夠充分、高度不夠，「讓大家覺得很遺憾。」馬習會昨下午登場，蔡英文依照原定行程赴台中為4名立委參選人助選，民進黨幕僚則緊盯電視轉播及網路新聞，掌握最新訊息。蔡上午先喊話，期盼馬習會能做到尊重民主價值、不預設政治前提，以及維持雙方對等尊嚴；她表示，有人說這是一個歷史的時刻，因為在歷史上從沒發生過，但如果只是因為沒有見過面而見面，這只是「新聞時刻」，還稱不上「歷史的時刻」。 看完馬習會的轉播後，蔡英文晚上為立委劉建國造勢前痛批，她相信「大多數台灣人民，都會感到非常失望」，馬總統帶著黑箱的疑慮出發，即將帶回來更大的爭議。 宋失望：高度不夠蔡說，原先期待從馬總統口中說出台灣的民主、台灣的自由，以及中華民國的存在，更重要的還有台灣人民自由選擇的權利，「不過，他（馬）隻字未提。」蔡承諾：「我對台灣民主、對台灣人民有信心。我和台灣人民會一起用更民主的方式，來彌補馬習會所造成的傷害。」宋楚瑜昨在台東表示，他原本對馬習會給予肯定，也給馬總統祝福、期許，但是這次的過程看得出馬總統幕僚的事先準備不夠充分，且設定的主題高度不夠，包括對中華民國存在、台灣人民的基本權益、福祉確保等議題，作為一個國家領導人，「讓大家覺得很遺憾。」 「總統竟開記者會」對於馬習會後，中方由國台辦主任張志軍主持記者會，但我方是馬英九親自召開，宋楚瑜抨擊：「怎麼會讓我們的總統自己在那個時候去開記者會？而去答覆、準備的工作，都讓人感覺到很難過、非常遺憾！」宋還批，台灣處在美國和中國之間，必須有經驗、能力的人才能因應此嚴肅局面，「這不是能力不足、高度不夠、層次不夠的這種情況下能倉促上陣的！」行政院前院長蘇貞昌則說，他對馬總統的表現感到憤怒，台灣與中國的國家領導人會面，應該堅持台灣的主權地位、應該堅持國家元首的身分、應該堅持公開透明的民主程序，但遺憾的是，馬完全沒有做到。 賴清德批愧對人民台中市長林佳龍說，馬習會在很突兀的情況下宣布、舉行，國人都很關心整個協商過程，有沒有犧牲台灣利益，希望馬總統能將之前交涉的過程交代清楚，打開黑箱。高雄市長陳菊說，樂見兩岸正向的交流，但這次馬習會，台灣人民對維持現狀的共識及和平的殷盼都沒有被彰顯。台南市長賴清德說，「一中框架下的表面平靜，不是真的和平，馬英九愧對台灣人民！」 蔡英文回應馬習會重點摘要◎黑箱會面：馬總統帶著黑箱的疑慮出發，即將帶回來更大的爭議◎限制選擇：馬習會唯一達成的效果是在國際舞台上，企圖用政治框架，框限未來在兩岸關係上人民的選擇◎未提自由：馬總統未提台灣的民主、台灣的自由、中華民國的存在，以及台灣人民自由選擇的權利資料來源：《蘋果》採訪整理  ,http://www.appledaily.com.tw/appledaily/article/headline/20151108/36888164/%E8%94%A1%E6%96%A5%EF%BC%9A%E9%A6%AC%E7%BF%92%E6%A1%86%E9%99%90%E4%BA%BA%E6%B0%91%E9%81%B8%E6%93%87
2015年11月08日,21社運團體怒吼「停止貨貿談判」, 昨21個團體聚集凱道，抗議馬習會、貨貿談判。陳建緯攝馬習會昨午如期登場，經濟民主連合等21個社運團體、學運領袖林飛帆等約850人，在凱道發起「停止貨貿談判、抗議馬習會」遊行，怒指馬習會的「一中原則」無「一中各表」，已否定台灣人民的自決權，除堅決反對貨貿談判、兩岸互設辦事處外，也要求民進黨清楚表達立場，採取具體行動防衛台灣民主。昨天中午逾20個團體，走上北市街頭抗議馬習會，要求「One Taiwan One China」。侯世駿攝「一中各表幻滅」抗議團體昨午在經濟部前集結，行經國貿局、農委會到凱道，途中演出行動劇，諷刺貨貿談判僅為兩岸權貴利益，傷害台灣農民、基層勞工，沿途高喊「ONE TAIWAN，ONE CHINA」、「抗議馬習會、出去別回來」、「停止貨貿談判」，包括時代力量黨主席黃國昌、經濟民主連合召集人賴中強、島國前進成員林飛帆等多名社運人士全程參與，表達對馬政府的不滿。 黃國昌上台演說表示，馬習會是讓台灣羞恥的時刻，不是歷史時刻，戳破了九二共識實際上就是一個中國；賴中強也指，馬習會後一中各表正式幻滅，要全力阻止在一個中國下兩岸各設辦事處；林飛帆則說馬英九是即將卸任的執政者，不能代表台灣人民，台灣人不會承認馬習會任何共識。北市警局擔心抗議民眾在敏感時刻衝撞府前廣場，昨調派850名警力，在凱道前拉出蛇籠，幸民眾和平表達抗議訴求，未有失序狀況，活動在昨晚6時許結束。◎突發中心  ,http://www.appledaily.com.tw/appledaily/article/headline/20151108/36888159/21%E7%A4%BE%E9%81%8B%E5%9C%98%E9%AB%94%E6%80%92%E5%90%BC%E3%80%8C%E5%81%9C%E6%AD%A2%E8%B2%A8%E8%B2%BF%E8%AB%87%E5%88%A4%E3%80%8D
2015年11月08日,飯店圍布幕防狙擊 彎刀隊維安, 香格里拉大酒店昨用藍色布幕遮住大門口，以防高空狙擊。黃靖文攝馬習會昨在新加坡香格里拉大酒店進行，新加坡政府大陣仗戒備，現場不僅部屬大批警力，還出動知名的彎刀部隊，持霰彈槍或衝鋒槍、配戴彎刀，負責飯店四周的警戒維安工作，要進入飯店，必須經過反光鏡檢測、安檢門等五道關卡，戒備十分森嚴。《蘋果》記者昨天一早就到飯店，飯店四周也有不少警察荷槍實彈，記者詢問得知這些警察是彎刀部隊成員，個個手持霰彈槍或衝鋒槍，腰間掛著彎刀，戴著土黃色軟帽，在飯店四周站崗，記者靠近想訪問，成員立即露出警戒神色，行動十分小心。部隊擁絕對開火權一名制服警察告訴記者，彎刀部隊（Gurkha Contingent），又稱廓爾喀部隊、辜加警隊，成員多為尼泊爾人，受過特訓，新加坡早年鎮暴活動都由該支部隊負責，每次有重要人物到新加坡參訪，都是彎刀部隊維安，若遇突發事件，部隊擁有絕對開火權，嚴重時格殺勿論，當地人看到該部隊出動，就知道事態嚴重，不敢造次。 飯店人員表示，昨凌晨2時起，飯店已全面淨空，只有房客才能進出飯店，台灣及中國方面也陸續派人進入飯店勘查相關動線，一大早就在酒店大門罩上一層藍色布幕，此舉是為了遮蔽視線，防止高空狙擊。 新加坡警方持反光鏡伸入車底，查看是否有爆裂物。黃靖文攝進飯店須過5關卡要進入飯店，必須通過5道關卡。第一道關卡由維安警力開車門檢查；第2道則由警方持反光鏡，伸入車底檢查是否有爆裂物，2關都通過才能經過第3道移動防闖閘門。在飯店大門還有安檢門，作用如同機場的金屬探測門，最後行李再由X光機掃描，確認沒問題才能進入飯店。 中華民國犯罪學學會理事長鄧煌發昨表示，新加坡現場維安工作通稱為「明哨」，主要是預防有人夾帶危險物品進入或在現場鬧事。面對元首等重大貴賓，現場一定還有安排「暗哨」，除了監控空中狙擊，還要貼身防護，甚至要應付突發的攻擊事件，畢竟馬習會是兩國元首會談，稍有差池便會引發國際糾紛，不可不慎。 ◎突發中心╱新加坡傳真 新加坡彎刀部隊成員持霰彈槍（左圖）及彎刀（右圖，林昱丞攝）在飯店外警戒。胡瑞麒攝【報你知】星赴尼泊爾募彎刀隊新加坡彎刀部隊（Gurkha Contingent），又稱廓爾喀部隊、辜加警隊。廓爾喀是尼泊爾民族，生活在喜馬拉雅山麓，男子驍勇善戰，英國殖民時期被訓練為兵，尼泊爾獨立後，這些軍人流入東南亞國家任傭兵，用的廓爾喀刀是知名肉搏武器。新加坡每年會從尼泊爾招募17至20歲的廓爾喀青年，辜加兵通常被派駐看守金庫、使館區、政府重要部門，或平定鎮暴行動。  ,http://www.appledaily.com.tw/appledaily/article/headline/20151108/36888152/%E9%A3%AF%E5%BA%97%E5%9C%8D%E5%B8%83%E5%B9%95%E9%98%B2%E7%8B%99%E6%93%8A%E5%BD%8E%E5%88%80%E9%9A%8A%E7%B6%AD%E5%AE%89
2015年11月08日,3台人赴星國抗議 遭遣返, 警方出動優勢警力逮捕企圖闖入松指部的抗議民眾。李銘宏攝馬習會之隔海抗議【突發中心╱新加坡連線報導】國際矚目的「馬習會」昨在新加坡舉行，引發諸多公民團體不滿，公民團體派代表到新加坡抗議，卻遭星國海關以「一日旅遊時間太短」為由擋下訊問，最後不得入境遣返回台；另有立委參選人助理在香格里拉下榻入住，遭星國警方帶離；馬習會場外也有國人舉中華民國國旗被勸離，場外全程平靜，無任何騷動。反觀在台灣的陳為廷等人凌晨夜襲松山機場與立院，國內抗議四起，整夜不平靜。為抗議「馬習會」，公民團體民主鬥陣羅宜、夢由藝文工作室楊尚恩與臺左維新吳濬彥，昨早9時許抵新加坡，計劃前往我駐星代表處遞交陳情書，吳濬彥起飛前在臉書留言，「這次是尚恩第一次出國，竟然不是為了出去玩，一首唱四百年的台灣悲歌啊。」 民主鬥陣羅宜（左）與夢由藝文工作室楊尚恩昨搭機前往星國，遭拒絕入境。翻攝畫面立委參選人被偵訊3人昨抵星國後，卻被海關以「一日旅遊時間太短，很奇怪。」帶進房間訊問並登錄指紋，最後告知無法入境，必須被遣返回台，3人詢問不得入境的原因，星國官員回應「就今天特別規定這樣。」民主鬥陣總召林倢表示，3人後續卻音訊全無，從上午11時許開始至晚間9時許，手機不是關機就是無訊號，透過僅國際人權組織台灣分會、司法改革基金會等單位獲知3人安全無虞，3人計劃將在清晨搭機抵台，後續也將會安排記者會公開說明。此外台聯立委參選人蕭亞譚及2位幕僚前天入境星國，住進當地青年旅社，昨天上午被新加坡警方帶走偵訊，而蕭辦公室主任李秋華則入住香格里拉飯店，昨也遭警方問話，她控訴警方企圖拿走手機，更遭軟禁在飯店內，「這不是政治迫害，什麼才是政治迫害！」《蘋果》也直擊，因新加坡禁止集會遊行，飯店外沒有聚集抗議人潮，飯店外的道路也未見明顯警力，但一到飯店入口，警員已設置檢哨站，荷槍實彈戒備，氣氛頓時變得嚴肅。 移民新加坡的台灣人吳小姐，昨在香格里拉飯店外亮國旗迎接馬總統。黃靖文攝會場揮國旗遭制止下午3時許一名來自新北的吳小姐，帶著7歲的兒子前往會場外，開心地高舉中華民國國旗，準備迎接馬英九車隊，未料習近平車隊先抵達飯店，隨即遭飯店人員制止，她說，「沒關係，讓習近平認識中華民國也不錯！」反觀國內抗議聲浪四起，「島國前進」發起人陳為廷昨凌晨抵達松山機場等候，得知馬英九將改往松指部搭機，立即轉移陣地夜襲松指部。「中止馬習會，彈劾馬英九！」陳為廷與24名成員闖松指部未果，原本平和抗議轉為激烈，轉往一旁松山機場員工停車場，破壞8樓逃生梯之後持滅火器噴灑，並警方發生拉扯，最後不敵優勢警力25人遭逮。 遭警逮捕 陳為廷率眾企圖闖入松指部遭警方逮捕送辦。李銘宏攝30人闖立院爆衝突陳為廷等人依毀損、妨害公務、侵入住宅等罪嫌送辦，陳為廷3萬元交保，其餘24人獲1至5萬元交保，晚間6時許，25人全數離開北檢，2名少年則移送少年法庭。自由台灣黨主席蔡丁貴前夜11時許也率領30多人，原要從景福門往總統府前進抗議，卻突然轉往立法院方向夜襲立院，更試圖闖進議場，與預先部署的150名警員爆發嚴重推擠，警民雙雙掛彩。雙方僵持至凌晨1時許，優勢警力才將所有抗議民眾帶出立院圍牆外。  ,http://www.appledaily.com.tw/appledaily/article/headline/20151108/36888145/3%E5%8F%B0%E4%BA%BA%E8%B5%B4%E6%98%9F%E5%9C%8B%E6%8A%97%E8%AD%B0%E9%81%AD%E9%81%A3%E8%BF%94
2015年11月08日,周玉蔻挺進會場 轟張志軍又嗆馬, 提問遭拒 周玉蔻昨在張志軍與馬英九記者會上提問不被接受，她數度插腰，眼神犀利讓人側目。杭大鵬攝名嘴周玉蔻昨挺進「馬習會」，不僅在中國國台辦主任張志軍會後記者會上怒飆張「沒誠意」；隨後總統馬英九記者會上，周因無緣提問，再度大聲批馬「說謊！沒有在習近平面前講中華民國。」總統府發言人陳以信要求維持秩序。有網友讚「姊好兇、蔻姊萬歲」，也有人批臉丟到國外。自問「回得了國嗎」周玉蔻昨在兩場記者會上急於提問卻不被接受，她數度雙手插腰，或高舉手，十分顯目。張志軍回答最後一個問題後，因周要求發言遭拒，周怒嗆，「你回答問題太少，請問一中原則是不是一中各表？你沒有誠意、回來接受問題。」 現場有記者報以噓聲，周飆罵：「噓什麼？有這種指定問題的方法嗎？台灣記者為何不抗議？」周也叨唸：「新聞自由在哪？」最後還自問「我回得了國家嗎？」 隨後召開的馬總統記者會上，周再因提問不成開始怒罵，「馬總統你有沒有在習近平面前講中華民國？」「馬總統你說謊！」周在外媒提問時仍不斷大聲叫喊，遭星國媒體斥「請尊重別人的發言權」。記者會過後，周受訪時說她是資深記者，本來就要提問。 ◎記者陳郁仁  ,http://www.appledaily.com.tw/appledaily/article/headline/20151108/36888138/%E5%91%A8%E7%8E%89%E8%94%BB%E6%8C%BA%E9%80%B2%E6%9C%83%E5%A0%B4%E8%BD%9F%E5%BC%B5%E5%BF%97%E8%BB%8D%E5%8F%88%E5%97%86%E9%A6%AC
2015年11月08日,馬沒講完 維安突清場斷訊, 攝影中斷 馬英九發表7分鐘的談話，但馬還沒說完，維安人員要媒體離開，台灣電視訊號也中斷。翻攝美聯社馬習會之場邊狀況【何哲欣╱新加坡報導】世界矚目的「馬習會」昨在新加坡香格里拉酒店登場，但轉播過程狀況不斷。原訂規劃就排定開場由習、馬分別公開致辭5分鐘，隨後進行閉門會。馬英九與習近平握手後，習發表4分多鐘談話，再由馬發表7分鐘談話；馬還沒說完，現場維安人員開始要媒體離開會場，各家台灣電視台的訊號也瞬間中斷，電視畫面突然一陣黑。但台灣媒體記者仍是堅持留在現場，聽完馬談話。中國官方媒體中央電視台昨負責現場轉播「馬習會」，但在直播畫面中，一到馬英九發言時，畫面就切換成主持人評論；馬習閉門會談1小時後，中國國台辦主任張志軍先開30分鐘記者會，但輪到馬英九30分鐘的記者會，央視乾脆說節目到此已3小時，感謝收看，完全不讓馬英九的發言播出。連中國網友也憤憤不平，批「馬英九一講話就給掐，這還談什麼尊重」、「別刷存在感」。 湧600人安檢混亂這場馬習會受全球矚目，包括《蘋果》在內，不少媒體前幾天就已抵達飯店準備採訪。不過重頭戲的馬習會，必須有採訪證才能進到現場，有採訪證的記者在昨天中午陸續抵達，飯店湧進近600名記者。因為採訪人數眾多，現場安檢雖提早30分鐘，但因安檢門僅有4個，仍難以消化排隊的記者人數，場面混亂。我陸委會官員還親自上陣，拿起大聲公協助維持現場秩序。 「兩岸媒體快開打」安檢拖了近兩個小時後，記者進場就位準備捕捉馬習會的歷史鏡頭。不過第一排幾乎全被陸媒佔據，台灣媒體即便早到仍搶不到好位置，現場幾度爆發口角，不少人高喊「後退、被擋到了」；現場維安人員欲協調陸媒體調整位置，但中國記者完全不理會，連總統府的攝影官都抱怨好位置都被陸媒搶光。新加坡維安人員在場維持秩序，呼籲兩岸媒體體諒，但都無效。在兩岸記者數度口角後，改由中國國台辦發言人馬曉光出面，要兩岸媒體大家相互體諒，並要求陸媒退兩公尺，台媒響起一陣歡呼。但有台灣記者表示，馬曉光出面也沒用，「兩岸媒體快打起來了。」 採訪證撤民國紀年此外，台灣媒體昨天領到的採訪證日期原本是中華民國紀年的「104.11.7」，昨現場也遭收回，新發的證改用西元紀年「2015.11」，引起台灣媒體議論。  ,http://www.appledaily.com.tw/appledaily/article/headline/20151108/36888132/%E9%A6%AC%E6%B2%92%E8%AC%9B%E5%AE%8C%E7%B6%AD%E5%AE%89%E7%AA%81%E6%B8%85%E5%A0%B4%E6%96%B7%E8%A8%8A
2015年11月08日,碰軟釘「習糊弄人敵意未改」, 中國央視今年7月播出解放軍在內蒙古朱日和基地，模擬攻擊台灣總統府。翻攝網路在全球媒體注目下，「馬習會」昨登場，對於台灣國際參與以及兩岸熱線等議題，中國釋出善意，但軍事威脅部分，卻給了我方一個軟釘子。中山大學政治系教授廖達琪認為這些都不是會談目的，重點在於「兩岸領導人握手，讓台灣獲得國際輿論注意的保險單」；中研院政治所副研究員徐斯儉則批，中國國家主席習近平對飛彈議題說法是「糊弄人的話術」，凸顯對台敵意未曾改變。專家：僅心理恐懼廖達琪表示，具體決議本來就不是這個「馬習會」主要目的，因為總統馬英九畢竟只剩六個月即將卸任，若做的太多，後人也不見得照單全收；廖達琪認為，飛彈部署問題上，據軍事專家的說法，飛彈對準的方向並無意義，台灣人民有這樣的恐懼，可能只是心理的表達；她也說，習近平「飛彈非對台灣論」說的其實也是實話，所以這本議題根本不是問題，無須過度詮釋。 徐斯儉則批評，「馬習會」根本連成就也稱不上；在對台軍事威脅、撤飛彈的相關問題上，習近平的說法根本是「糊弄人的話術」。徐斯儉質疑：「不是針對台灣，那是針對誰？根本就是司馬昭之心，路人皆知。」 不敢承諾馬習熱線徐斯儉指出，這也凸顯出中國對台灣的敵意與軍事威脅都沒有改變，國人須審慎面對。國際參與的部分，廖達琪說，習近平至少對RCEP（區域全面經濟夥伴協定）、亞投行與「一帶一路」給予正面肯定；她認為，馬習會的重點在於「見面全世界都在看」，讓台灣多得一層保護，兩岸共同邁向和平的畫面，比飛彈還可怕。廖達琪強調：「兩岸領導人的握手，也讓台灣獲得一張看不見，但讓國際輿論注意到的保險單」。但徐斯儉質疑，馬談民間組織卻不談政府的國際參與，非常可笑。至於熱線的部分，徐斯儉說，習仍無意提升到更高的層次，可能是因為習有自己中國內部政治風險問題，所以不敢躁進承諾馬習熱線，否則恐坐實「一國兩府」，必須冷回應。◎記者林靖堂  ,http://www.appledaily.com.tw/appledaily/article/headline/20151108/36888128/%E7%A2%B0%E8%BB%9F%E9%87%98%E3%80%8C%E7%BF%92%E7%B3%8A%E5%BC%84%E4%BA%BA%E6%95%B5%E6%84%8F%E6%9C%AA%E6%94%B9%E3%80%8D
2015年11月08日,馬談九二共識中央社漏「一中」, 總統馬英九昨在新加坡與中國國家主席習近平會面，雙方分別發表談話，其中，馬總統在五分鐘的致辭時提到「九二共識」時，特別說了九二共識的定義是海峽兩岸在1992年11月就「一個中國」原則達成的共識，簡稱「九二共識」。但有眼尖的網友發現，國家通訊社中央社發布的馬英九致辭全文，卻和馬總統實際致辭內容有出入，並未提及九二共識是一個中國原則下達成的共識。《中央社》昨發布馬致辭全文，漏掉「一個中國」原則（紅框處），引發爭議。翻攝網路稱文章未編輯完成依中央社最早發布的致辭原文，談到九二共識時，並未多闡述定義；但馬總統在實際致辭時，卻說到海峽兩岸在1992年11月就「一個中國原則達成的共識」，簡稱「九二共識」。公視《有話好說》製作人陳信聰在臉書直言，「真是有趣的發現！」他推測，顯然並非中央社搞鬼，而應該是馬總統最後改了稿子，而中央社是拿先前的稿子放到網路。「為什麼會這樣呢？就留給大家各自表述吧。」 對此有網友說：「原來的講稿並沒有強調一個中國為原則的九二共識，實際的致辭有，馬英九你把台灣賣了」，但也有網友認為：「可能是馬英九沒有按照原定的內容致辭，而中央社所發布的新聞，其實是原定的新聞稿。」對於網友的質疑，《蘋果》昨致電詢問中央社社長樊祥麟，他說，新聞部有原始的稿件，應詢問新聞部。中央社數位中心主任張銘坤回應，純粹是編輯上的疏失，並非刻意竄改，網友可能多做聯想。他指出，從文章判讀，段落間不但有空格，文句念起來也不通順，代表文章還沒編輯完成，社方也在短時間內修正內容。◎記者劉冠廷、蔡孟修  ,http://www.appledaily.com.tw/appledaily/article/headline/20151108/36888123/%E9%A6%AC%E8%AB%87%E4%B9%9D%E4%BA%8C%E5%85%B1%E8%AD%98%E4%B8%AD%E5%A4%AE%E7%A4%BE%E6%BC%8F%E3%80%8C%E4%B8%80%E4%B8%AD%E3%80%8D
2015年11月08日,馬提撤彈 習僅說非針對台, 馬英九（左）在閉門會中提及希望對岸撤飛彈，但習近平（右）僅回應相關部署是整體性的，不是針對台灣人民。杭大鵬攝馬習會之議題歧見【陳郁仁、徐珮君、陳培煌╱新加坡報導】兩岸領導人「馬習會」昨登場，馬英九總統會後轉述，閉門會談時他向中國國家主席習近平提及，台灣民眾關心中國對台軍事部署，尤其是軍事基地及飛彈問題，但習僅表示，這些部署「基本上並不是針對台灣的」。另外，馬也提議由我陸委會主委、中國國台辦主任層級設置兩岸熱線，處理急要問題，習則表示：「這個可以立刻處理。」「馬習會」後，中國國台辦主任張志軍與馬英九分別舉行記者會，說明「馬習會」內容並接受媒體提問。台灣民眾高度關切的中國是否對台灣撤飛彈問題，馬英九在回答媒體提問時說，他在會中有提到台灣民眾關心中國對台軍事部署，針對撤飛彈的議題，習近平的回應：「是整體性的，不是針對台灣人民」。媒體追問中方是否承諾撤飛彈？馬說：「這恐怕是兩岸領導人第一次談這個問題，我至少把這個問題提出來，告訴他台灣民眾對這個有疑慮，請他能夠重視。」 習願討論我入TPP馬總統會中也向中方爭取台灣國際參與空間。馬說，他向習近平提到台灣民眾參與國際非政府組織活動時，常遭遇挫折，甚至有民眾去聯合國大樓用護照都無法換得參觀證，且我政府參與區域經濟整合、國際活動也常受到干擾。習答覆，將來對這些問題「希望就個別的情況來做適當的處理」。馬會後補充，針對非政府組織部分，習說只要不形成兩個中國、一中一台，都願考慮。馬總統還說，我方希望能加入區域經濟整合組織，包括TPP（跨太平洋夥伴協定）、RCEP（區域全面經濟夥伴協定），且不應有誰先誰後的問題，他也舉加入世界貿易組織（WTO）為例，「對兩邊都有好處！」習近平表示願意討論，也歡迎台灣以適當方式參加中國所推動的亞投行、一帶一路建設等計劃。 籲讓台成高教中心馬總統還對習近平提出呼籲，應讓更多中國「專升本」（類似台灣學制中的五專畢業升二技）的畢業生到台灣唸書，讓台灣變成亞太高等教育中心。習則說，他願來了解。張志軍轉述習說法，還有很多台灣鄉親從未去中國，熱忱歡迎他們參與兩岸交流，為兩岸青年學習、就業、創業、交流創造更多、更好條件。最後，馬總統向習近平表示，兩岸歷史遺留下許多問題無法一蹴可幾，必須務實處理，若貿然處理過度敏感的問題，往往就增加困擾。馬說，維持兩岸和平穩定是台灣主流民意，他特別強調兩岸要在尊嚴、尊重、誠心、善意基礎上，建立兩岸關係，才能夠拉近兩岸心裡的距離，希望雙方能「化干戈為玉帛，要和平不要有戰爭」。 我軍：陸要有誠意對馬習會中提及國人對中共軍事部署疑慮，我國防部發言人羅紹和昨呼籲，中國大陸應展現具體誠意。至於台灣參與國際組織議題，我外交部發言人王珮玲昨表示，外交部長期以來都希望能擴大國際參與，這也是全民共同希望。 中國對台灣飛彈部署表◎飛彈部署狀況．中共第二砲兵20多個飛彈旅，總兵力達15萬多人，部署各型飛彈及巡弋飛彈約1700枚◎對台飛彈數量．針對台灣部署的12個飛彈旅，共有短程彈道飛彈及巡航飛彈約1500枚◎對台飛彈種類．射程僅達台灣的地對地東風15乙型、東風11甲型，地對空飛彈S300PMU2資料來源：《蘋果》資料室、國防部2015年中共軍力報告書  ,http://www.appledaily.com.tw/appledaily/article/headline/20151108/36888115/%E9%A6%AC%E6%8F%90%E6%92%A4%E5%BD%88%E7%BF%92%E5%83%85%E8%AA%AA%E9%9D%9E%E9%87%9D%E5%B0%8D%E5%8F%B0
2015年11月08日,「馬習向國際證明 九二共識存在」, 馬總統會後記者會提到，他與習近平會談時有提到「一個中國，各自表述」。杭大鵬攝馬習會昨在新加坡登場，雙方不斷重申「九二共識」、「一中原則」，引發全球媒體關注。實踐大學副教授賴岳謙認為，兩人會面讓「九二共識」有國際能見度，且馬英九到明年1月大選後，才會進入看守時期，國際社會將認定兩岸會談具有效力；美國柏克萊加州大學訪問學者童振源則認為，馬對中國做太多讓步，完全接受一中原則，「只有中華民族，沒有中華民國。」賴岳謙指出，習近平在國際場合多是抿嘴微笑，昨他難得張開嘴笑，一改平時喜怒不形於色，而馬英九更是喜悅寫在臉上，「代表雙方氣氛非常熱烈」，而馬習會也代表雙方正式在國際場合公開證明「九二共識」的存在。卸任仍掌握話語權賴岳謙解讀，經過昨天會面，中國同意台灣堅持的「一中各表」，是種創造性的模糊，讓爭議擱置，並讓全世界都知道兩岸的互信源自於「九二共識」，未來若沒有「九二共識」，就可能有挑釁、發生軍事危機。 淡江大學國際事務與戰略研究所教授翁明賢表示，馬習會奠定馬英九泛藍共主的地位，未來即使卸任總統後，在兩岸關係上仍掌握話語權，這也是馬本身獲得的兩岸歷史定位，但不認為這對2300萬台灣人民的主體性有幫助。文化大學中山所蔡瑋也認為，馬英九講「一中各表」，與陸方強調的「一中原則」不同；雖然陸方並未駁斥，但也不必期待馬習會後陸方就有突破性改變，比如撤除飛彈或放棄統一。 童振源說，馬總統雖在會後記者會表示，會談時有提一中各表、《中華民國憲法》，但畢竟非公開談話；中國國台辦主任張志軍在會後記者會仍強調「體現一個中國原則的九二共識」，正表示兩岸沒有一中各表的九二共識，而是九二共識、各自表述。 對蔡選情衝擊不大童振源分析，馬、習兩人都試圖將「九二共識」與和平現狀掛鉤，藉以施壓民進黨總統參選人蔡英文接受「九二共識」，但這次對蔡英文的壓力會小很多，不會像上次總統選舉把「九二共識」與和平紅利掛鉤的有力道。◎記者郭建伸、林修卉  ,http://www.appledaily.com.tw/appledaily/article/headline/20151108/36888109/%E3%80%8C%E9%A6%AC%E7%BF%92%E5%90%91%E5%9C%8B%E9%9A%9B%E8%AD%89%E6%98%8E%E4%B9%9D%E4%BA%8C%E5%85%B1%E8%AD%98%E5%AD%98%E5%9C%A8%E3%80%8D
2015年11月08日,綠批馬習定調一中「藉以施壓蔡英文」, 學者認為，馬習會「九二共識」對民進黨總統參選人蔡英文構成的壓力，將比上次選舉小很多。林靜盛攝中國國家主席習近平與總統馬英九昨都強調「九二共識」是兩岸和平發展的共同政治基礎。蔡英文競選辦公室政策執行長張景森昨說，這場會面是習主導、馬配合，主要是對台灣大選可能政權變化而安排，在國際場合定調「一個中國原則」，藉以框住台灣選民並向民進黨總統參選人蔡英文施壓，但他判斷這會是相反的結果。「剝奪台灣人自決」張景森說，馬被習帶到新加坡的目的，原來是要馬親自向國際宣布「九二共識」就是「一個中國」，「各自表述」沒了。 台南市長賴清德表示：「一中框架下的表面平靜，不是真的和平，馬英九愧對台灣人民！」馬習會以一個中國作為基礎，朝振興中華民族為共同目標，在「一個中國」框架下，不僅違反民主，也剝奪台灣人民決定自己前途的機會，也限縮了台灣的空間。 綠委管碧玲也認為，「一個中國，各自表述」被掃進歷史墳場了！民進黨前立委林濁水也說：「馬英九說關門時有表，事後在中國背後他再說各表；原來各表是悄悄話，是背後話，是上不了檯面的話。」 綠委莊瑞雄認為，馬英九在公開會談刻意妥協、倒退，不提「各自表述」，會引起國內民眾很大反彈。莊說，國民黨總統參選人朱立倫在「朱習會」中提及「兩岸同屬一中」，可見他與馬英九一樣都是「一中掛」，馬習會對國民黨選情不但沒有加分，反而還雪上加霜。 ◎記者林修卉、黃揚明  ,http://www.appledaily.com.tw/appledaily/article/headline/20151108/36888106/%E7%B6%A0%E6%89%B9%E9%A6%AC%E7%BF%92%E5%AE%9A%E8%AA%BF%E4%B8%80%E4%B8%AD%E3%80%8C%E8%97%89%E4%BB%A5%E6%96%BD%E5%A3%93%E8%94%A1%E8%8B%B1%E6%96%87%E3%80%8D
2015年11月08日,馬習緊抓九二共識, 馬習歷史性會談昨登場，雙方在會談中最有共識的就是「九二共識」。設計畫面馬習會之全場聚焦【政治中心╱綜合報導】兩岸領導人「馬習會」昨首次會面，如外界預期，總統馬英九與中國國家主席習近平在會前公開致辭時均提及「九二共識」。馬四度提及並以「鞏固九二共識」當作他的首要主張；習也說要「堅持九二共識」，雙方最大共識就是「九二共識」。閉門會談中，習近平更提及，希望台灣各黨派能正視「九二共識」，任何黨派只要承認「九二共識」都願與其交往，馬則對習說明「九二共識」內容，並強調是還原真相。馬、習兩人均強調「九二共識」，對下屆總統熱門人選、民進黨總統參選人蔡英文喊話意味濃厚。習近平昨在公開致辭時表示，希望兩岸鞏固九二共識、深化交流合作，增進兩岸同胞福祉，共謀中華民族偉大復興，讓兩岸同胞共享民族復興的偉大榮耀。隨後致辭的馬英九提出，「維繫兩岸和平繁榮現狀的五點主張」，第一點即是鞏固「九二共識，維持和平現狀」。 馬稱兩岸和平基礎馬英九說，兩岸於1992年11月就「一個中國」原則達成共識，簡稱「九二共識」，是兩岸推動和平發展的共同政治基礎。正因雙方共同尊重「九二共識」，過去7年半來，我方才能獲致包括達成23項協議在內的豐碩成果與和平榮景，讓兩岸關係處於66年來最和平穩定狀態。馬習會後，中國國台辦主任張志軍在陸方記者會上表示，兩岸7年來和平發展，關鍵是雙方確立堅持「九二共識」、反對台獨的共同政治基礎，若無此定海神針，和平發展之舟就會遭遇驚濤駭浪，甚至徹底傾覆。 張志軍：非國與國張志軍表示，「九二共識」的重要，在於體現「一個中國」原則，明確界定兩岸關係的根本性質，表明「大陸和台灣同屬一個中國，兩岸關係不是國與國關係，也不是一中一台。」 「解決問題最重要」馬總統在會後記者會表示，他在會中逐字念出什麼叫「九二共識」、為什麼會是一中各表；對於中華民國表述的方式不會出現兩個中國、一中一台或台灣獨立。他指出，有關「九二共識」，兩岸從1992年達成共識以來，這是第一次兩岸領導人彼此談論這個問題。外媒詢問，是否擔心繼任總統不接受他的中國政策或九二共識？馬說，這7年來兩岸關係突飛猛進，達66年來最穩定和平狀態，基礎就是九二共識，「習先生和我都有這樣看法」；九二共識不見得每個人都滿意，但最重要能促成7年來成果；有些外國人覺得九二共識很含糊，還說是含混的傑作，「不管含不含混，能解決問題最重要。」 《憲法》不容許台獨馬總統昨晚在臉書貼文指，在會中他當面告訴習，兩岸在1992年11月已達成共識，內容是海峽兩岸均堅持一個中國，但對其含義認知有所不同，可以口頭聲明的方式各自表達，「這就是九二共識、一中各表，不涉及兩個中國、一中一台、台灣獨立，因為那是《中華民國憲法》所不容許的。」 香港會談九二共識緣由1991．李登輝總統宣布終止動員戡亂時期，設立海峽交流基金會（海基會）代表政府，與代表中國政府的海峽兩岸關係協會（海協會）接觸，開始協商與談判1992/10．海基會與海協會在香港舉行會談，雙方在政治立場上對「一個中國」的含義認知不同，台灣授權海基會可提出口頭表述方案1992/11/16．海協會致函海基會，對海基會所提議之「在海峽兩岸共同努力謀求國家統一的過程中，雙方雖均堅持一個中國的原則，但是對於一個中國的含義，認知各有不同」表示尊重1993/04．基於九二香港會談的體諒基礎，兩岸關係得以進展，在新加坡舉行「辜汪會談」2000/04．陸委會主委蘇起在卸任前創造並公布「九二共識」，係概述1992∼2000年間使用的「一個中國、各自表述」內涵2008/01．國民黨總統參選人馬英九強調1992年雙方已達成「一個中國，各自表述」共識，這就是「九二共識」資料來源：《蘋果》整理  ,http://www.appledaily.com.tw/appledaily/article/headline/20151108/36888097/%E9%A6%AC%E7%BF%92%E7%B7%8A%E6%8A%93%E4%B9%9D%E4%BA%8C%E5%85%B1%E8%AD%98
2015年11月08日,馬改行程 與李顯龍敘舊1小時, 茶敘 新加坡總理李顯龍（右）昨晚在臉書貼出與馬英九會談照片，表示很高興得知馬習會順利進行。翻攝李顯龍臉書【陳培煌、國際中心╱連線報導】馬英九總統「固平」之旅將啟程返台之前，新加坡總理李顯龍趕在馬總統昨晚專機起飛之前，到機場與馬總統喝茶敘舊，李顯龍在飛機起飛後在臉書po出兩人會面照片，並稱「難得有機會和老友馬英九喝茶敘舊約1小時。李顯龍說，希望會議成果能為區域帶來穩定及和平。照片中馬總統脫下西裝外套，李也沒有穿全套西裝，僅著襯衫，氣氛看起來相當輕鬆。稱「總統」及「老友」馬英九總統昨在馬習會後，與地主國新加坡的總理李顯龍茶敘，李在個人臉書分享兩人合照，在英文敘述中用「President」（總統）稱呼馬英九，中文則稱他「老朋友」。 李顯龍的訊息臉書於台灣晚間昨晚9時45分po出，他寫道，「難得有機會和老朋友馬英九喝茶敘舊。得知這次會議順利。希望會議的成果能為區域帶來穩定及和平。」 總統府第一版訪新加坡行程起飛時間預定是昨晚7時30分離開星國，但到了第二版起飛時間只告知「待確定」。媒體猜測馬英九可能會與李顯龍見面，但府方人員都沒有證實。 馬英九昨早搭乘華航專機飛往新加坡，有別於星國政府前天派副總理兼財政部部長尚達曼（Tharman Shanmugaratnam）迎接前來國是訪問的中國領導人習近平，星方派出外交部東北亞司副司長黃美美與國會議員符致鏡接機。據了解，星方一直沒有透露接機人選，相當保密，我方是直到昨早專機抵達前才曉得星方派出的接機人選與層級。 星國接機層級有別符致鏡為現任國會議員、海皇輪船公司副總裁，曾任國防部政務部長、國家發展部部長。符昨接機後在貴賓室向馬總統表示，他是以李顯龍總理特別代表的身分，前來機場歡迎馬總統蒞臨新加坡，很高興在新加坡舉行歷史性的馬習會談。另一位星國接機官員黃美美則曾擔任新加坡駐台代表處副代表。對於星國對馬與習接機層級的差異，外交部發言人王珮玲昨表示，星方的接機代表不是以其個人身分前來，他是代表星國政府，我政府感謝並尊重星方的安排。  ,http://www.appledaily.com.tw/appledaily/article/headline/20151108/36888093/%E9%A6%AC%E6%94%B9%E8%A1%8C%E7%A8%8B%E8%88%87%E6%9D%8E%E9%A1%AF%E9%BE%8D%E6%95%98%E8%88%8A1%E5%B0%8F%E6%99%82
2015年11月08日,習贈大師字畫 馬送藍鵲瓷器, 【政治中心╱台北─新加坡連線報導】馬習會昨下午登場，中華民國總統馬英九與中國國家主席習近平除公開握手、致辭外，雙方還在閉門會談時交換禮物。馬英九準備了「台灣藍鵲」手工瓷器做禮物，中國國家主席習近平則是回贈中國畫家劉大維的字畫。馬英九準備台灣藍鵲手工瓷器贈習近平。總統府提供金黃畫匣逾100公分兩岸領導人首度會面，馬總統準備台灣特有品種「台灣藍鵲」手工瓷器作為禮物，總統府指出，台灣藍鵲是特有品種，俗稱長尾山娘，在低海拔山地，時常可見台灣藍鵲的美麗身影，是「台灣國鳥」。 這項作品是由台灣鶯歌當地的傑作陶藝公司製作，其產品多以「台灣映象與中華文化之融和」為創作主題，作品曾獲總統府及外交部採用為致贈國賓禮物。 該作品長31公分、寬28公分、高53公分，重量約2.7公斤，由設計師李國欽設計創作。 習近平昨回贈中國畫家劉大維的字畫給馬英九。杭大鵬攝習近平則拿出中國著名畫家劉大維的字畫，由於雙方是在閉門會議交換禮物，劉大維字畫並未曝光。《蘋果》在新加坡樟宜機場獨家拍攝到，馬總統隨行人員手中拿著一個長超過100公分的金黃色畫匣，拿在手上相當顯眼，據了解，那就是習近平贈送的字畫。據了解，這不是習近平第一次贈送領導人字畫，習近平前年也曾贈送南韓總統朴槿惠一幅畫有三國名將趙子龍的字畫，當時的禮物還包括收錄妻子彭麗媛歌曲的DVD、用木槿花刺繡裝飾的玻璃工藝品。  ,http://www.appledaily.com.tw/appledaily/article/headline/20151108/36888088/%E7%BF%92%E8%B4%88%E5%A4%A7%E5%B8%AB%E5%AD%97%E7%95%AB%E9%A6%AC%E9%80%81%E8%97%8D%E9%B5%B2%E7%93%B7%E5%99%A8
2015年11月08日,馬習互贈酒 並肩吃擔擔麵, 馬習會14名成員昨晚在香格里拉飯店晚宴，雙方人員座位採交錯方式安排，桌上的名牌分別用簡體及繁體字（上圖）呈現。翻攝網路馬習會之圓桌晚宴【陳郁仁╱新加坡報導】總統馬英九與中國國家主席習近平，及雙方各6名團員，昨晚在香格里拉飯店進行簡便晚餐，晚餐從6時到7時20分，共用餐80分鐘，以中式料理為主，主食是四川擔擔麵，搭配湘式青蒜爆龍蝦與杭式東坡肉等配菜。據轉述，席間也搭配馬總統專程帶去的金門高粱、馬祖老酒等，還有中國方面準備的茅台，雙方把酒言歡，馬總統有些微醺。「馬習會」昨下午3時在新加坡香格里拉飯店登場，這場兩岸領導人66年來的首度會晤，備受國際媒體高度重視。會晤後，雙方在舉行會談的香格里拉飯店會議廳進行晚宴，晚餐的菜色是特別訂製，再送進會場。與會人士共14人交錯而坐，馬習兩人比鄰而坐，其餘出席人員也分別依台灣、中國交錯而坐，據形容，會談輕鬆融洽。 醉了馬總統晚宴後離開飯店，顯得有些微醺。胡瑞麒攝中台14人交錯而坐依照晚宴座次順序，馬英九右側開始依序是中國中央政策研究室主任王滬寧、我國國安會祕書長高華柱、中國國務委員楊潔篪、我國國安會諮詢委員邱坤玄、中共總書記國務辦公室主任丁薛祥、我國陸委會副主委吳美紅；習近平左側依序是我國總統府祕書長曾永權、中國中央辦公廳主任栗戰書、我國陸委會主委夏立言、中國國台辦主任張志軍、我國總統府副祕書長蕭旭岑，以及中國國台辦副主任陳元豐。 高華柱捐陳年高粱為了讓晚餐氣氛進行熱絡，高華柱提供了兩瓶57度的金門高粱酒，在晚餐時飲用；總統府發言人陳以信說，這兩瓶高粱是1990年9月27日金門酒廠生產，是高華柱的私藏，象徵當年兩岸紅十字會簽訂「金門協議」。陳以信說，兩岸經過緊張、和平到今天，歷史都沉澱在酒裡面，在晚餐時品嘗別具意義，馬總統要告訴習近平，兩岸交流就是由此開始，讓大家好好品味這段歷史，陳強調，這是「和平之酒」。 糯米飯東坡肉上桌被問到這兩瓶高粱目前的價值，陳以信說，「和平無價」。除此之外，府方還準備了8罈馬總統最愛的馬祖老酒，要與中方共飲。雖然是便餐，菜單仍不失考究，都是中國各地料理，包括前面的涼菜：金箔片皮豬、風味醬鮑片脆瓜。熱菜則是湘式青蒜爆龍蝦、竹葉東星斑XO糯米飯、杭式東坡肉、百合炒蘆筍，主食則是吃四川擔擔麵，最後甜品品嘗，桂花糖雪蛤湯圓以及水果拼盤。會前雙方也說好，各付各的。 外送菜色價格未知不過，晚餐菜色是哪家餐廳提供，《蘋果》詢問香格里拉飯店內唯一一家中式餐廳「香宮」，餐廳表示，菜單上的菜色都沒看過，不清楚價格，應不是餐廳內的菜色。據轉述，晚餐時氣氛更為融洽，雙方杯觥交錯，互相舉杯，金門高粱與馬祖老酒搭配桌上佳餚，賓客盡歡，馬總統心情愉快、輕鬆，晚餐席間多飲幾杯，離開時略微微醺。  ,http://www.appledaily.com.tw/appledaily/article/headline/20151108/36888079/%E9%A6%AC%E7%BF%92%E4%BA%92%E8%B4%88%E9%85%92%E4%B8%A6%E8%82%A9%E5%90%83%E6%93%94%E6%93%94%E9%BA%B5
2015年11月08日,習的領帶 上午淺藍下午酒紅, 領帶換色 習近平上午與李顯龍（左）會面時，繫的是淺藍色領帶。法新社【名人時尚中心╱台北報導】「馬習會」的國際性場合，中華民國總統馬英九與中國國家主席習近平，也藉服裝表態立場與風格。西裝是出席國際場合標準服裝，習近平昨上午與新加坡總理李顯龍會面時，繫著淺藍色領帶，但下午馬習會時，兩人皆選穿黑色西裝搭配白色襯衫與黑皮鞋，但各以絲質湖水藍與酒紅色領帶搭配表態精神立場。馬總統西裝袖口隱現他岳父贈送多年的老歐米茄錶。杭大鵬攝馬搭配老歐米茄錶馬習的身形都高挑，所選西裝外套不約而同都是兩顆釦剪裁、袖口有4顆釦縫飾，褲型則為打褶直筒剪裁，整體符合國家元首形象。兩人握手時，面對攝影機拍照的當下，馬英九並解開外套上原本釦著的第一顆釦子，以免西裝拉皺變形，也更好做動作，在小細節處有留心，其袖口並隱現他岳父贈送多年的老歐米茄錶。 「得體穩重」是高級訂製服設計師、台塑集團三房女婿方國強，以及時尚造型師劉大強對馬習衣著造型的共同評語。方國強說：「黑色合身兩顆釦剪裁西裝對身形有修飾效果，兩人的西裝只有在布料組織紋路及領型不同。」 外套馬時髦習簡約馬總統的西裝選用暗條紋布料，外套是劍領設計顯得較時髦有變化；習主席的外套是平紋布料，魚口領設計則風格較穩重簡約。各自選搭的單色領帶極搶眼，讓整體服裝有亮點，也展現個人色彩。」劉大強也說馬習的衣著中規中矩，「很傳統的西裝樣式和搭配，不花俏。不過兩人身材都高挑，把西服掌控得恰到好處。建議若剪裁再修身一點會讓人看起來更俐落有精神，也更出色」。他特別指出馬英九領帶顏色選得好，「這個藍色有點活潑也年輕。」  ,http://www.appledaily.com.tw/appledaily/article/headline/20151108/36888074/%E7%BF%92%E7%9A%84%E9%A0%98%E5%B8%B6%E4%B8%8A%E5%8D%88%E6%B7%BA%E8%97%8D%E4%B8%8B%E5%8D%88%E9%85%92%E7%B4%85
2015年11月08日,馬揮手卡卡 單手解西裝釦, 馬、習兩人面對媒體揮手時，馬因舉手時外套拉太緊，所以用左手解開西裝外套的釦子。杭大鵬攝馬習會之花絮解讀【政治中心╱台北─新加坡連線報導】兩岸相隔66年，中華民國總統馬英九跟中國國家主席習近平在新加坡會面，馬習兩人昨在下午2時59分會面，兩人的「世紀之握」維持了81秒，現場國際媒體鎂光燈閃個不停，兩人也面帶微笑，稍稍側身讓各方都拍得到、拍個夠。不過，習因提早1秒進會場，提前到定位伸手等著馬走近，動作引發關注。昨「馬習會」成真，在背負國內期待和抗議的各種意見中，馬總統清晨搭乘專機前往新加坡，他在機上與隨團媒體聊天時透露，有足夠睡眠，早上出發前還有運動，現在心情很平靜。 兩人會面時，習先到定位伸出右手示意握手，馬當時還在行進間。杭大鵬攝陸媒搶第一排挨罵馬專機在上午10時30分抵達新加坡，總統抵達新加坡後先到四季酒店休息，僑胞熱烈歡迎馬總統，歡呼「總統加油」。馬習會開始前，馬總統乘坐BMW進入香格里拉酒店，新加坡警方出動8名員警騎重機開道，動員50名維安人員隨同雙方進入酒店。馬總統從正門進入，向在場觀眾揮手致意，習近平則是乘坐奧迪座車，從側門進入。馬習兩人在下午3時現身island ballroom，《蘋果》現場觀察，握手會場前面第一排幾乎全被陸媒佔據，現場湧進上百名國際媒體，握手會場後方設有幾層階梯，即便站上台階，也完全看不到前方的狀況，視野完全被陸媒擋住，不少人情緒激動，只要一移動，就會被後方記者罵「退後、別擋」。新加坡維安人員和國台辦發言人馬曉光輪番出面，呼籲兩岸媒體體諒。《蘋果》現場觀察「馬習會」握手，為了展現對等，兩人分別從會場的左右兩邊進入會場，習比馬早1秒出現，比馬快一步到達定點，兩人都走到定點後，習先伸出右手準備握手，也比馬快了近1秒。為了顯現對等，握手會現場的背板，不是國民黨代表色藍色，也非共產黨的紅色，而是土黃色。 專機並停馬英九專機（前）與習近平專機（後）在新加坡樟宜機場比鄰而停。杭大鵬攝習：尊敬的馬先生馬英九與習近平在下午2時59分握手，馬總統笑開懷，全場露齒微笑，習近平則一度露齒，其餘皆微笑以對，在現場媒體熱烈要求下，兩人不斷稍稍側身旋轉，滿足各角度需求，在握手後，習近平舉起左手揮手，馬總統見狀也揮起了右手，習近平揮手時僅將手舉到頭部高度，馬總統則是高舉過頭，西裝因此卡卡，馬總統單手解釦，配合媒體拍照。握手與揮手結束後，兩人併肩而行，有說有笑走向旁邊的會談現場。馬習坐定後，習近平先是問了「馬先生，可以了嗎」，馬回「好，您請」，習近平才開始致辭，習先稱「尊敬的馬英九先生」，接著就拿起放在桌上的兩張講稿開始講述，習近平身體微躬低頭看稿念，每念完一句就抬頭看馬英九，念稿聲調平穩，未有高亢語調；習的講稿有2張，沒有釘起來，習近平4分28秒結束發言。 戰機護航馬總統昨清晨搭機赴新加坡，幻象2000戰機護航。沈君帆攝馬念稿時環視左右接著換馬總統，馬手持講稿，從「穿越66年時空的伸手相握，握著兩岸的過去與未來」開始講起，每講一句都抬頭環視左右，甚少直視習近平，而馬的講稿共有3張，左上角釘起來，以左手翻頁再繼續念下一張，他稱習近平為習先生，四度稱習先生，整場公開發言共7分1秒，在6分35秒時中國維安就開始推擠現場媒體，逕自將轉播斷訊，我府方人員則請媒體不要移動，在第二波混亂中，雙方開始閉門會談。 馬英九11/7赴新加坡時序05:45：馬英九赴松山機場，行前發表簡短演說 06:11：馬搭乘華航雲門舞集彩繪機赴星國，幻象2000等戰機護航 10:30：馬抵星國樟宜機場，表示心情平靜 11:30：馬下榻四季酒店，與當地台商見面 14:40：馬離開四季酒店，赴香格里拉酒店會場 14:59：「馬習會」登場，馬、習二人握手長達81秒 15:03：習近平先發表談話 15:07：馬英九接續習近平之後發表談話 16:09：中國國台辦主任張志軍代表中方召開記者會 16:51：馬英九親自召開記者會，回答記者提問 18:00：馬英九、習近平晚宴 20:40：馬搭機飛離新加坡 資料來源：《蘋果》採訪整理  ,http://www.appledaily.com.tw/appledaily/article/headline/20151108/36888062/%E9%A6%AC%E6%8F%AE%E6%89%8B%E5%8D%A1%E5%8D%A1%E5%96%AE%E6%89%8B%E8%A7%A3%E8%A5%BF%E8%A3%9D%E9%87%A6
2015年11月08日,習嗆台獨「和平最大威脅」, 馬習會閉門會議結束後，中國國台辦主任張志軍開記者會說明會議內容。杭大鵬攝馬習會之張志軍記者會【大陸中心╱綜合外電報導】全球矚目的「馬習會」昨在新加坡登場，會後中方率先舉行記者會，中國國家主席習近平未出席，由中國國台辦主任張志軍主持。張照著稿逐字逐句念出，宣讀習對兩岸關係的4點意見，之後僅接受3個媒體提問。對於媒體詢問「馬習會」為何在台灣大選前70天舉行，張未正面回應，只表示「我們不介入台灣選舉」。昨在新加坡香格里拉飯店舉行的「馬習會」，歷時約1小時，雙方會面結束各自召開記者會，中方由張志軍說明馬習會內容。張表示，大陸領導人習近平和台灣領導人馬英九進行會面，是1949年來兩岸首度會面，「歷史會記錄今天」。閉門交換意見時，習近平先請馬英九發表看法，之後習對兩岸關係提出4點意見。 馬習會握手時，現場媒體為拍攝「世紀之握」擠爆大廳。杭大鵬攝「兩岸不是國與國」張志軍轉述習近平的第一點意見是，堅持兩岸共同政治基礎不動搖。兩岸關係能和平發展，關鍵在於雙方確立堅持九二共識、反對台獨的共同政治基礎，「沒有這個定海神針，和平發展之中就會遭遇驚滔駭浪。」習近平指出，九二共識重要在於體現一個中國原則，明確界定兩岸關係的根本性質，「大陸和台灣同屬一個中國，兩岸關係不是國與國的關係，也不是一中一台，雖然兩岸迄今尚未統一，但中國的主權跟領土完整從未分裂，兩岸同屬一個國家，兩岸同胞同屬一個民族，至於歷史和法理從未改變，也不可能改變。」習近平強調，希望台灣各黨派各團體，能正視九二共識，「無論哪個黨派團體，無論其過去主張過什麼，只要承認九二共識的歷史事實，認同其核心意涵，我們都願意同其交往。」在維護國家主權和領土完整這一原則問題上，「我們的意識堅如磐石，態度始終如一。」 要求抓緊商談貨貿第二點意見是，堅持鞏固深化兩岸關係和平發展，習近平表示，兩岸「要和平不要衝突，要交流不要隔絕，要協商合作不要對抗。」談到建立兩岸熱線的問題時，習近平表示，雙方兩岸事務主管部門負責人可以先建立起來，至於兩岸不同的發展和社會制度，雙方應尊重彼此的選擇，避免分歧干擾兩岸交流合作。在台灣參與國際活動問題方面，習近平指出，只要不造成兩個中國、一中一台，兩岸可透過務實協商，做出合情合理的安排。習近平強調，兩岸和平發展最大威脅，是台獨勢力，兩岸同胞要團結一致堅決反對。第三點意見是，習近平指出，願意首先與台灣同胞分享大陸發展機遇，對於兩岸正在商談的貨物貿易、兩會互設辦事機構等問題，雙方可抓緊商談，早日達成一致，並歡迎台灣積極參與一帶一路建設，以適當方式加入亞投行。 「馬習會」昨下午3時登場，台灣民眾緊盯電視收看直播。周永受攝僅容許3媒體發問第四點意見是堅持一同實現中華民族偉大復興。最後談及今年抗戰勝利70周年時，習呼籲兩岸共享史料、共寫史書，共同弘揚抗戰精神。張志軍宣讀馬習會內容後，由中國國台辦新聞局長兼發言人馬曉光點名記者發問，但只依序點到新華社、香港中評社、台灣《旺報》3家媒體，讓其他媒體鎩羽而歸。 【張志軍記者會Q＆A全文】Ｑ：新華社：這次會面對兩岸發展有何重要意義？A︰這次會面有六點意義。首先是翻開歷史性一頁，具有里程碑意義。第二，是對之前發展歷程的回顧。第三，對九二共識的再確認。第四，兩岸交往互動層次的提升。第五，會面表明中國人有能力解決好自己問題。第六，激發兩岸同胞協同努力致力於中華民族偉大復興。 「不介入台灣選舉」Ｑ：香港中評社：兩岸領導人會面是如何實現的？A︰之前兩岸發展取得豐碩成果，這些成果為兩岸領導人見面奠定基礎，見面互稱先生，體現相互尊重。Ｑ：台灣《旺報》：今天距離明年台灣大選只有70天時間了，你認為此刻舉行兩岸領導人會面的用意是什麼？第二個問題是，像今天這種兩岸領導人的會面，未來是否可能延續？A︰我們不介入台灣選舉，我們關心的是推動兩岸關係繼續朝著正確的方向發展。你提到，還有70天（台灣大選），但是我們更加看重兩岸關係過去66年歷程，給人們的啟迪，更看重兩岸關係的未來。正如習近平在兩岸領導人會面時所提到的，只要有利於增進兩岸同胞的聯繫，只要是有利於推動兩岸關係和平發展，只要是有利於維護中華民族整體利益的事，兩岸雙方都應該努力去做。資料來源：綜合外電  ,http://www.appledaily.com.tw/appledaily/article/headline/20151108/36888052/%E7%BF%92%E5%97%86%E5%8F%B0%E7%8D%A8%E3%80%8C%E5%92%8C%E5%B9%B3%E6%9C%80%E5%A4%A7%E5%A8%81%E8%84%85%E3%80%8D
2015年11月08日,馬：有向習提到中華民國, 「馬習會」閉門會議結束後，馬總統神情愉快（左圖，香港《蘋果日報》），親自對外說明會談內容。杭大鵬攝馬習會之馬總統記者會總統馬英九昨天在與中國國家主席習近平會面後舉行記者會，值得注意的是，馬在記者會上的座位前名牌，不但出現中華民國國旗，還寫有「總統」兩字。而馬也在記者會最後說，他在與習近平的會面中有提到中華民國，沒有忽略立場，站穩中華民國總統該有的立場。馬總統結束與習近平的會面，心情看似相當愉快，他在會後記者會中簡單發表談話後，共開放14個媒體提問，提問的媒體包括台灣、大陸、香港、日本、美國等國家。記者會主持人、總統府發言人陳以信在開場介紹時，也提到馬「總統」，中華民國的主權在這場記者會上完全展現。總統記者會會場的桌牌有中華民國國旗，並註明「總統」。杭大鵬攝【馬總統發言全文】首先有些記者朋友採訪當中遭遇不方便，在此表達歉意。剛剛跟習先生針對兩岸關係和平發展，鞏固兩岸關係發表意見，會議氣氛融洽，習先生相當務實坦率，希望這樣精神反映到將來兩岸關係處理上。 我們第1個談到的，當然就是鞏固九二共識，維持台海和平的現狀，我當面告訴習先生，兩岸在1992年11月達成共識，內容就是海峽兩岸均堅持一個中國原則，但對其含意認知有所不同，可以口頭聲明方式各自表達，這就是九二共識、一中各表，我方的表述，不涉及兩個中國、一中一台、台灣獨立，因為那是《中華民國憲法》所不容許的，然後我也強調永續和平和繁榮，是兩岸關係發展的共同目標，我們會繼續鞏固九二共識、一中各表的基礎，維持和平現狀。 增加雙方友善感受第2個就是降低敵對狀態，和平處理爭端，我們特別向習先生說，台灣的民眾感受特別深刻的，就是有關安全與尊嚴，所以我們希望習先生跟大陸方面能夠了解，因此我們希望不論是在政治、軍事、涉外、社會、文化、法律，各個領域的爭議，都希望能夠有和平的方式來解決，來增加雙方心理層面友善的感受。我特別提到，我們民眾參加國際非政府組織NGO的活動，往往遭遇到一些挫折，同時我們政府去參加區域經濟整合，參加國際活動也受到一些干擾，我們希望在這些部分一定要減少敵意跟對立。 「習稱飛彈非對台」尤其是在我們這些民間團體方面，我特別跟習先生說，這些團體都是社會的菁英、專家，那麼他們對這些議題，以及所受到的待遇，反應比較強烈，希望他們能夠降低。那麼習先生答覆說，將來對這些問題，希望就個別的情況來做適當的處理，那我也提到，在台灣蠻多的民眾關心大陸對台灣軍事的部署，包括大家熟悉的基地和飛彈，他表示他們這些部署，基本上並不是針對台灣的。那麼另外第3個題目，擴大兩岸交流增進互利雙贏，因為我們強調，台灣跟大陸社會制度、經濟體系不一樣，需要雙方有足夠的時間來做深度交流，我們特別強調我們希望能夠加入區域經濟整合，這個議題上我們認為不應該有先後的問題，也就是說不應該誰先加入誰後加入問題，習先生對這個也表示他對這些問題也願意來討論，同時也很樂於歡迎我們參加，包括亞投行、一帶一路，這些他們推動的一些計劃。 建立兩岸熱線機制第4增設兩岸熱線處理機要問題，他說兩方可以指定陸委會主委和國台辦主任建立熱線，針對緊急問題、重要問題熱線，我還提出希望文教交流方面，大陸讓更多專科畢業生來台灣念書，台灣科技大學有缺額，台灣來自境外學生今年一定超過10萬，我們會把台灣成為亞太高等教育中心，他說他也願意了解。第5談到兩岸合作振興中華，兩岸歷史有許多問題不是一蹴可幾，如果貿然處理往往增加困擾，維持兩岸和平穩定是主流民意，未來兩岸發展也看民心向背，兩岸要在誠心誠意善意的基礎上發展，希望兩岸化干戈為玉帛，不要有戰爭。大概情況是這樣。 馬習會閉門會議結束後，我方代表團昨在香格里拉飯店召開記者會。香港《蘋果日報》【記者會Q＆A全文】Q：媒體都稱呼這次會面是歷史一幕，從總統一開始提出的五點建議，看起來習主席都有具體回應，但是這些回應最重要是後面要怎麼實現落實，我知道總統您的任期即將屆滿，總統對於下一任總統有什麼期許，這熱線為什麼只設在國台辦與陸委會？A：你的問題問得很好，今天是海峽兩岸領導人來聚會，我們不太可能處理過度技術性的問題，我們處理的都是原則性、重大問題，雙方達成的意見也是宣示性的，例如九二共識，這是1992年以來第一次兩岸領導人彼此在談這個問題，我們談為什麼是「一中各表」，我們對於中華民國表述的方式不會出現「兩個中國」、「一中一台」、「台灣獨立」，這是九二共識兩岸雙方講了這麼多年，第一次在兩岸領導人前面還原真相。熱線的問題，現在海基會、陸委會副主委間都有熱線，從陸委會主委與國台辦主任這邊先建立，再看運作情況要不要調整。 籲習支持國際參與Q：九二共識、一中各表，台灣都是講九二共識、一中各表，但是習近平、張志軍只有提到九二共識，沒有談到一中各表，你是否失望？今天的會議有達到對等尊嚴嗎？A：1992年兩邊都談到「一個中國」原則，雙方賦予的含意各自不同，所以可用口頭聲明的方式，各自表達。後來報紙寫「表述」，以後就都用表述了。這在當年的報紙都可以查得很清楚。而剛有人問到落實，大部分習先生都有指示相關單位去討論研究，所以會根據這個部分，由陸委會繼續追蹤，看怎麼落實。我特別強調，如果不是由領導人拍板，往往基層會猶豫、延宕，我也都講了，講得非常坦白。Q：總統在一開始有表達兩岸降低敵意，並提到台灣民眾關心飛彈部署的問題，總統是否有向對方具體提出「撤除飛彈」？A：我前面有提到，他們回應這部署是整體性的，不是針對台灣人民，這是兩岸領導人第一次談這個問題，我至少把這個問題提出來，告訴他台灣人民有疑慮，請他能夠重視。Q：會議中有沒有談到台灣的國際參與？A：我提到了兩個層次，一是關於民間NGO參與國際組織遇到困難，我特別提到台灣民眾想要參觀聯合國，想用護照去換參觀證都得不到，這會讓民眾有很多抱怨。雖然這是小事，但用這小事來說明，如果沒處理好，會造成許多民眾不滿，遠大於事情的比例。另外就是，參加國際區域經濟整合，我特別講到，那是屬於政府層次，不希望有誰先誰後的問題。因為兩邊都參加，對大家都有好處，像一起參加世界貿易組織對大家就有好處，也希望將來能夠這樣，這我都提到了，我提到TPP（跨太平洋戰略經濟伙伴關係協定）與RCEP（區域全面經濟伙伴協定），所以也讓他知道，我們很關心這問題。不要以誰先誰後來看問題，應該要一起參加。 領導人會面應常態Q：去年媒體專訪談到兩個地區領導人碰面應該把「九二共識、一中各表」概念穩固下來成為「超穩定架構」？今天有達到這目標了嗎？A：我覺得有幫助，今天第一是氣氛很好，第二是今天的會面雙方都非常肯定，認為這是一個歷史難得的機遇，這態度非常健康正面，雙方都堅持九二共識。也許有一些解釋上的問題，但是基本上大方向上是一致的，不管未來中華民國總統是誰，都能夠像今天這樣的方式，用九二共識推動，相信我們所締造的現狀，可以維持，並且繼續往前邁進。Q：習先生在會談中針對一些具體的事，有當場交代相關部門跟進，關於經貿合作和國際組織，張志軍也提到亞投行希望台灣以特殊身分加入。這件事情，習先生是否有當場交代具體措施？您有交代相關部門繼續跟進嗎？是否有具體時間表？A：有，他說會以適當的方式讓台灣參加，很具體。其他像是非政府組織NGO，只要不會形成「兩個中國」、「一中一台」的印象他們都願意考慮。他談的是個案，但我們說不論是哪個申請案，或是哪一類活動，到時候我們都會整理出來，他今天既然說了，我們就來落實，這是我們陸委會與相關部會回去後要做的功課。Q：這次您跟習先生在新加坡會面是開創兩岸關係發展新篇章，上了一個新平台，您的印象中未來新平台、新篇章是一幅什麼圖景？A：我兩天前記者會上說過，這不是為了哪一個個人、哪一個政黨，是為了台灣在未來能夠繼續與大陸互動，將來兩岸的領導人應該還有機會仿照現在的情況來進行。換句話說，我的目的是為了兩岸領導人會面變成一個常態的平台，踏出第一步。兩岸關係發展至今，兩岸領導人還沒會面是蠻奇怪的事情，所以這時候能夠見面，把相關問題統統盤點一下，很坦率地交換意見，這種機會我覺得應該是屬於一種經常性的活動。 會中未邀請習訪台Q：撤除飛彈、一中各表，您與習先生會面時有提出來，但是他似乎沒有接受，你覺得習先生的回應有符合您設定的要求目標嗎？A：我們這次對這個議題，主要的成果是把九二共識的來龍去脈，以及我們的看法，做一個很詳細、最貼近事實的鋪陳讓他了解。習先生也說，他知道我在這個議題上有幾十年經驗。這麼多年來我都在講，當九二共識在8年前有一點偏離原來的軌道時，我到處呼籲雙方回到九二共識。當時大陸抓到一個中國，台灣抓住各自表述，結果兩邊差距越來越大，本來是一個可以好好發揮的，完全沒有發揮，一直到7年多前我上任後才把它拉回來。九二共識當然不像簽訂協定、條約一樣，但容許各自有解釋、發展的空間，這不是壞事。兩岸關係60幾年的隔絕，能夠在這時候坐在這裡談，這非常不容易，我們一步步找出求同存異，以前認為不可能的，現在可能了；以前認為做不到，現在做到了，而且還不斷往前發展。我上任時沒人想到我們有機會在8年當中與大陸領導人碰面，原來我們希望在APEC，他們有問題；現在在第三地，雙方展現彈性與務實態度，這非常重要。有了這樣的態度以後，以後討論問題就比較好討論。 Q：會談中有沒有期望習先生訪問台灣？A：什麼？我啊？還沒有，也不是為什麼，一步步來嘛，你是要我補問嗎？Q：1992年的九二共識是兩岸授權團體談的，這次23年後是兩岸領導人首次就此問題來談，若兩岸領導人來談，表示彼此還有蠻大共識，為何不改為「一五共識」？A：我覺得九二共識是還不錯的安排，這7年來很清楚，我們不能每年來一個共識，每年換一個年份，又不像紅酒，我們應該維持原來的共識，透過實踐賦予新的意義，這才是最好的做法。就像我們的《憲法》不能天天都修，可以透過解釋。我認為可以透過「與時俱進」，現在我們的九二共識和23年前完全一樣嗎？你看實踐的結果，完全不一樣嘛！事實上它可以引領兩岸的和平與繁榮，這是成功的共識，也許中間有小落差，沒關係，透過協商把它彌補起來，基本上可行。 盼貨貿有具體成果Q：你說這次是替兩岸關係搭橋鋪路，是否卸任前還會有「馬習二會」？A：你走得蠻快的，哈哈，我先把這次會開完，把開會狀況檢討一下。很多人問如何追蹤落實，希望有一些成果出來，儘管國家領導人不能談很細的問題，但難免會接觸到有一些問題，看有沒有進展，如果有就是成功，至於要不要邀他來，或者如何，下一步「一步一步來」，兩岸關係循序漸進。馬習會談兩年，為什麼現在談成，就是「與時俱進，水到渠成」。Q：大家都很關心，您見到習先生與他握手時心情？為何還把西裝解開？A：我為什麼要解開釦子，因為手舉起來的時候會拉得很緊，沒有別的意思，那會產生誤會嗎？我的感覺蠻好啊，我們兩個都很用力。 Q：您在任內推動許多利於兩岸發展政策，您的最後一塊拼圖就是推動兩岸領導人會面，但您的任期還有很長時間，兩岸領導人會面應該不會是您最後一步，您覺得還可以做哪些政策？A：你剛講的，就是我這次要開馬習會的目的，例如「貨貿協議」或「互設辦事機構」、「陸客中轉」等，我們都希望能有具體結果。就是因為我的任期剩6個月，習先生任期還有7年多，台灣與大陸關係不會太快結束，需要我們打好基礎。我們7年來一直在打基礎，也創造兩岸「超穩定結構」的可能，但這需要細心呵護。我們這7年來也很辛苦，但也走出來，各位想想看全世界有這樣兩岸關係嗎？這是非常複雜的關係，有內政、外交、軍事，各項議題慢慢兜攏，打造出這樣的局面，真的要珍惜。雖然一定有一些小問題，就要想辦法克服，不要因為小問題影響大方向，這是我深刻感受，我感覺習先生也有這樣的用心。我們要看大不要看小，希望在這個大方向大格局對台灣、大陸都有利。 九二共識解決問題Q：請教總統是否會關切馬習會成果，如果下一任總統不承認九二共識是否會影響？A：我們今天雙方有很明顯的共識，就是這7年來雙方關係能如此突飛猛進，讓兩岸關係成為66年來最穩定的和平狀態，主要的基礎就是九二共識，所以習先生跟我都有這樣的看法。這7年來的發展大家都看得很清楚，如果沒有九二共識怎麼做到今天。當然大家對九二共識的看法不見得每一個人都滿意，但是我覺得最重要的是，它能夠促成我們7年來的成果，這就是非常了不起的功效。我知道有些外國朋友聽到九二共識覺得很含糊，甚至有人笑這是很含混的傑作。但不管它含不含混，它能解決問題最重要，就像我們來之前，我在台灣記者會上就有人問是否會提到中華民國。我今天就講啦，我特別講到，我們為什麼不能表述到「兩個中國」、「一中一台」、或者「台灣獨立」，就是因為《中華民國憲法》不容許。我一個字一個字都講了，一點都沒有忽略到在這些立場上，我站穩一個中華民國總統應該有的立場。  ,http://www.appledaily.com.tw/appledaily/article/headline/20151108/36888035/%E9%A6%AC%EF%BC%9A%E6%9C%89%E5%90%91%E7%BF%92%E6%8F%90%E5%88%B0%E4%B8%AD%E8%8F%AF%E6%B0%91%E5%9C%8B
2015年11月08日,中方出席馬習會人員簡歷, 陳元豐 52歲 中國國務院台灣事務 辦公室副主任海協會理事長陳雲林親手教導的弟子。1994年隨陳雲林轉入國台辦體系工作後，先後擔任國台辦秘書局長、聯絡局長、主任助理等職，主掌對台工作事務十多年，行事低調穩健。去年1月曾低調訪台，與連戰等國民黨高層和兩岸事務官員會面。 食安問題追追追張志軍 62歲 中國國務院台灣事務 辦公室主任英國留學後進入中國外交體系，曾任中國駐英使館秘書、中央對外聯絡部局長、副部長、外交部常務副部長等，38年的外交工作中，主要擔任共黨外交事務。2013年接替出任外交部長的王毅擔任國台辦主任，去年訪台時曾引發多起抗爭，更有民眾潑白漆。 王滬寧 60歲 中共中央政策研究室主任曾任復旦大學國際政治系教主任與法學院院長。1995年中共中央政治局前常委曾慶紅等人力薦下，由中國前國家主席江澤民欽點進京，2007年更以理論界人士身分拿下中共中央書記處書記職務，連續輔佐江、胡、習三任領導人，被稱為「中南海第一智囊」。 栗戰書 65歲 中共中央辦公廳主任曾任河北省無極縣委書記、共青團河北省委書記，再升至「副部級」的河北省委常委、秘書長，2012年9月出任有「大內總管」之稱的中共中央辦公廳主任，2個月後晉升為政治局委員。栗與胡錦濤、習近平多有交集，與兩人關係密切。 楊潔篪 65歲 中國國務委員1970年代獲選赴英國伊林學院、巴斯大學、倫敦政治經濟學院進修，回國後進入外交體系工作，在駐美使館工作12年，50歲就成為中美建交22年來最年輕的大使。楊與布希家族關係密切，「老虎楊（Tiger Yang）」的綽號，是美國前總統老布希取的。 丁薛祥 53歲 中共中央辦公廳副主任兼中共中央總書記辦公室主任被稱為「習近平的大管家」，37歲才從政，此後13年浸淫於上海市黨政機關職務，更在習近平於上海擔任市委書記時，積極協助習近平在人事布局上掃除前朝勢力，成為習的心腹，習將其提拔為上海市委秘書長、政法委書記，2012年習更將丁調到身邊。  ,http://www.appledaily.com.tw/appledaily/article/headline/20151108/36887970/%E4%B8%AD%E6%96%B9%E5%87%BA%E5%B8%AD%E9%A6%AC%E7%BF%92%E6%9C%83%E4%BA%BA%E5%93%A1%E7%B0%A1%E6%AD%B7
2015年11月08日,我方出席馬習會人員簡歷, 吳美紅 54歲 陸委會副主委台大法律系畢業後通過公務員高考，歷任陸委會法政、企劃等職務，秉持法律專業，處理兩岸事務逾20年。吳前年9月接陸委會副主委後，從陸委會主委王郁琦跟國台辦主任張志軍的「王張會」到現任陸委會主委夏立言的夏張會，都一路參與，頗受倚重。 食安問題追追追邱坤玄 65歲 國安會諮詢委員學界出身的邱坤玄從政治大學東亞所退休，3年前轉任國安會諮詢委員。邱原在美國工作，後被延攬回政大；90年代中期後，兩岸大學與智庫交流熱絡，邱開始與大陸各黨政軍智庫互動，人脈深厚。邱參與馬習會，首要考量是邱聽得懂大陸官方的弦外之音。 高華柱 69歲 國安會秘書長高華柱曾任4年國防部長，卸任後又獲總統馬英九提拔為國安會秘書長。1999年九二一大地震，高華柱為陸軍第十軍團司令指揮救災，協助政府應變獲得肯定。今年2月國安會前秘書長金溥聰請辭，高華柱接任協調國安部門，提供總統國安事務諮詢意見。 曾永權 68歲 總統府秘書長總統府秘書長曾永權從國民大會代表入政壇，當選立委、擔任國民黨立院黨團黨鞭，一路進階到立法院副院長。在不分區立委屆滿離開立院後，熟知地方派系的他轉往國民黨擔任秘書長，操盤大小選舉，出任總統府秘書長後，也備受馬英九信任。 夏立言 65歲 陸委會主委夏立言經歷外交、國防、兩岸三系統歷練。看重夏駐美經歷，總統馬英九將夏從外交部次長調任國防部副部長。夏公職33年逾半時間在研究北京動態，並與華府有密切聯繫。王郁琦請辭後，任命夏立言為陸委會主委，順利舉行夏張會，促成馬習會。 蕭旭岑 41歲 總統府副秘書長蕭旭岑為資深政治記者出身，2008年投入馬輔選團隊，馬勝選後，蕭轉往中央廣播電台任職，隨後進入國民黨中央，曾任三任秘書長辦公室主任，也出任國民黨副秘書長。2012年總統大選後，蕭短暫兼任文傳會主委，轉往總統府擔任副秘書長深獲信任。  ,http://www.appledaily.com.tw/appledaily/article/headline/20151108/36887957/%E6%88%91%E6%96%B9%E5%87%BA%E5%B8%AD%E9%A6%AC%E7%BF%92%E6%9C%83%E4%BA%BA%E5%93%A1%E7%B0%A1%E6%AD%B7
2015年11月08日,「不讓歷史悲劇重演」, 習近平致辭全文尊敬的馬英九先生，各位朋友大家下午好。今天是一個非常特別的日子，兩岸領導人見面，翻開兩岸關係歷史性的一頁，歷史將會記錄今天，曾幾何時，台海陰雲密布，兩岸軍事對峙，同胞隔海相望，親人音訊斷絕，給無數家庭留下刻骨銘心的傷痛，甚至是無法彌補的遺憾，然而海峽隔不斷兄弟親情，擋不住同胞對家鄉故土的思念，和對家人團聚的渴望。歐新社沒力量能分開我們同胞親情的力量，終於在上個世紀80年代，衝開了兩岸封鎖的大門，2008年以來，兩岸關係走上了和平發展的道路，過去七年，台海局勢安定祥和，兩岸關係發展成果豐碩，兩岸雙方和廣大同胞為此付出了大量的心血，正因為有了這七年的積累，兩岸雙方才能邁出今天這歷史性的一步，在此，我要向所有為推動兩岸關係發展做出貢獻的同胞和朋友，表示衷心的感謝，兩岸關係66年的發展歷程表裡，不管兩岸同胞經歷多少風雨，有過多長時間的隔絕，沒有任何力量能把我們分開，因為我們是打斷骨頭連著筋的同胞兄弟，是血濃於水的一家人。 子孫共享美好未來當前，兩岸發展內容方向面臨方向和抉擇，我們今天坐在一起，是為了讓歷史悲劇不再重演，讓兩岸關係和平發展成果不得而復失，讓兩岸同胞繼續開創和平安寧的生活，讓我們的子孫後代，共享美好未來。兩岸雙方應該從兩岸關係發展歷程中得到啟迪，以對民族負責，對歷史負責的擔當，做出禁得起歷史檢驗的正確選擇，我們應該以行動向世人表明，兩岸中國人完全有能力有智慧解決好自己的問題，並共同為世界與地區和平穩定發展繁榮，做出更大貢獻。 和平發展深化合作我希望兩岸雙方共同努力，兩岸同胞攜手奮鬥，堅持九二共識，鞏固共同政治基礎，堅定走和平發展道路，保持兩岸關係發展正確方向，深化兩岸交流合作，增進兩岸同胞福祉，共謀中華民族偉大復興，讓兩岸同胞共享民族復興的偉大榮耀。我先講這些，謝謝馬先生，謝謝大家。  ,http://www.appledaily.com.tw/appledaily/article/headline/20151108/36887951/%E3%80%8C%E4%B8%8D%E8%AE%93%E6%AD%B7%E5%8F%B2%E6%82%B2%E5%8A%87%E9%87%8D%E6%BC%94%E3%80%8D
2015年11月08日,「5點主張維持和平」, 並肩入場 馬英九總統與習近平昨握手致意後，共同步入馬習會座談會場。沈君帆攝馬英九致辭全文習先生，大陸與台灣代表團的各位女士、先生，以及在場的媒體朋友們，大家午安，大家好！今天，我與習近平先生分別以台灣與大陸領導人的身分，穿越66年的時空，伸手相握，握著兩岸的過去與未來，也握著中華民族振興的希望，深具歷史意義。歐新社致力對話取代對立22年前，也就是1993年的4月，台灣海基會董事長辜振甫先生與大陸海協會會長汪道涵先生在新加坡會面，簽訂了4個協議，為兩岸制度化協商打下了基礎。12年前，也就是2003年的10月，我在「東亞經濟高峰會」上，跟新加坡建國總理李光耀資政對談。當時我們都認為：「兩岸的發展，要以人民的利益作為依歸。」 此刻，我跟習先生相對而坐，共聚一堂，在我們背後的，是兩岸分隔超過一甲子的歷史；在我們眼前的，是這幾年來，雙方致力「以對話取代對立、以和解替代衝突」的成果；在我們的手上，是永續和平與繁榮的目標。此時此刻，海峽兩岸正大聲向全世界宣示鞏固台海和平的決心，以及促進區域和平的訊息。 馬習會昨登場，馬英九與習近平各帶領雙方六名代表，分別坐在長形會議桌兩邊。中新社歷史留下複雜課題這66年來，兩岸在不同的體制下發展，能夠從軍事對抗轉為合作交流，絕非朝夕之功。7年多來，兩岸簽訂了23項協議，創造了4萬多學生交流、每年800萬旅客往來與1700多億美元貿易的空前榮景。這些巨大改變的基礎，都在於「和平」。 歷史為兩岸留下了錯綜複雜的世代課題，這正是《尚書》所說的「非知之艱，行之惟艱」。對於各自堅持的敏感議題，需要雙方正視現實，以智慧、耐心與誠意務實處理。但是，我們依然能夠努力在雙方這些年來建構的「制度性協商」之下，達成了兩岸和解與合作，推動了永續和平與繁榮，而這也是兩岸及國際社會所共同期待的。 路透7年努力成果豐碩今天，我願意提出維繫兩岸和平繁榮現狀的五點主張： 第一，鞏固「九二共識」，維持和平現狀。海峽兩岸在1992年11月就「一個中國」原則達成的共識，簡稱「九二共識」。九二共識是兩岸推動和平發展的共同政治基礎，正是因為雙方共同尊重九二共識，過去七年半來，我們才能獲致包括達成23項協議在內的豐碩成果與和平榮景，讓兩岸關係處於66年來最和平穩定的狀態。這個部分，等一下在會談時，我會再做進一步說明。 第二，降低敵對狀態，和平處理爭端。兩岸目前已不再處於過去的衝突對立，雙方應持續降低敵對狀態，並以和平方式解決爭端。 第三，擴大兩岸交流，增進互利雙贏。兩岸目前尚未結案的議題，例如貨貿協議、兩會互設機構與陸客中轉等，應盡速處理，以創造兩岸雙贏。 第四，設置兩岸熱線，處理急要問題。兩岸目前在海基會、海協會首長之間，與陸委會、國台辦副首長之間，都已設有聯繫機制。今後應在陸委會、國台辦首長之間設立熱線，以處理緊急與重要問題。 第五，兩岸共同合作，致力振興中華。兩岸人民同屬中華民族、都是炎黃子孫，應互助合作，致力振興中華。 重視人民珍惜價值這五點主張不是為了一己之私、單方之利，而是為了後代子孫的幸福。我誠摯地希望，雙方都應該重視人民所珍惜的價值及生活方式，維護兩岸和平，以中華文化蘊涵的智慧，確保兩岸互利雙贏。習先生，當前的兩岸關係，已經是1949年以來最為和平穩定的階段。這幾年，我常常在台灣的大學校園中，看到兩岸學生一起討論、一起運動、一起演奏、一起歡笑的畫面。那種自然的水乳交融，往往讓我既欣慰又感動。他們有熱情、有創意；但是他們沒有仇恨，沒有包袱；他們能夠在人生較早的階段建立友誼，一定可以為兩岸永續和平打下更堅實的基礎。我們要好好珍惜、擴大這個基礎。北宋大儒張橫渠主張「為天地立心，為生民立命，為往聖繼絕學，為萬世開太平」。習先生，為了兩岸人民，讓我們一起努力、「為生民立命，為萬世開太平」，為中華民族開創更和平燦爛的未來。謝謝大家。 馬英九小檔案●現職：中華民國總統 ●年齡：65歲（1950/07/13出生） ●出生地：香港 ●家庭：妻周美青，育有2女馬唯中、馬元中 ●學歷：台大法律系畢業、美國紐約大學法學碩士、哈佛大學法學博士 ●經歷：蔣經國總統英文秘書、總統府第一局副局長、國民黨副秘書長、行政院研考會主委、陸委會副主委、法務部長、行政院政務委員、台北市長、國民黨主席  習近平小檔案●現職：中國國家主席、中共中央委員會總書記、中國及中共中央軍事委員會主席●年齡：62歲（1953/06/15生）●出生地：北京●家庭：妻彭麗媛，育有1女習明澤。父為中共元老習仲勛●學歷：清華大學馬克思主義理論與思想政治教育所博士●經歷：中國國務院辦公廳和中央軍委辦公廳秘書、福建省廈門市副市長、福州市委書記、福建省委常委及省長、浙江省委書記、上海市委書記、中央政治局常委、中央書記處書記、中國國家副主席資料來源：《蘋果》資料室  ,http://www.appledaily.com.tw/appledaily/article/headline/20151108/36887939/%E3%80%8C5%E9%BB%9E%E4%B8%BB%E5%BC%B5%E7%B6%AD%E6%8C%81%E5%92%8C%E5%B9%B3%E3%80%8D
2015年11月08日,閉門會談融洽 習未有意外發言, 馬英九總統與中國國家主席習近平昨天進行兩岸領導人世紀高峰會，兩人在會談前公開致辭後，雙方共14位代表閉門會談近一小時。據轉述，雙方在會中「照表操課」，我方對於會談結果很滿意，「習近平講話沒超過我方預期」，不過，雙方有默契，在會後記者會可以「各自表述」。馬、習在步入會談大廳後，先站在媒體面前停留十幾秒揮手致意，就座後，習問：「馬先生，我們可以開始了嗎？」馬回答：「好。」隨後習先致辭，強調兩岸同胞是不可分割的命運共同體，彼此是「打斷骨頭連著筋」的親人。馬英九隨後提出堅持「九二共識」等五項建議。議題照表操課據透露，馬、習會談氣氛融洽，馬總統依照原定計劃與習談相關議題，習則以很坦率的態度回應，「現場氣氛不錯，兩人自然地交換意見」。 據轉述，會談前，雙方對會談議題一再往來溝通，我方曾擔心在會談中習近平會有意外之言，但「習近平沒有食言」，沒有說出讓我方意外的談話。 對於雙方會談後的記者會，中國國台辦主任張志軍提到會談內有提及「同屬一中」以及「反台獨」議題。 我方參與規劃會談人士表示，我方原預計要談的消除敵意、國際空間、及兩岸協商對口拉高層級部分，馬總統在會談中都有提出，我方不打算碰觸的中國人權議題及南海議題，「也的確沒碰」。政治中心  ,http://www.appledaily.com.tw/appledaily/article/headline/20151108/36888030/%E9%96%89%E9%96%80%E6%9C%83%E8%AB%87%E8%9E%8D%E6%B4%BD%E7%BF%92%E6%9C%AA%E6%9C%89%E6%84%8F%E5%A4%96%E7%99%BC%E8%A8%80
